ID,Chiku,遺跡番号,調査番号,遺物番号,No,S,V,H,X,Y,Z,Date,Pen,Size,Mark,FileLink,Soui,Syubetu,拡張表示使用,拡張線幅,拡張線色,拡張点色,レイヤー名,MARKERX,MARKERY,LAYERPAGE,INVISIBLE,DELETEFLG,HANDFLG,器械点,バック点,器械高,ミラー高,メディア
1,P2066A,,,,,,,,-137177.579,102097.662,1.923,,1,1.000,1,,2-2,,False,,,0,1               ,0,0,0,False,False,False,,,,,
2,P2066A',,,,,,,,-137176.975,102098.120,1.923,,1,1.000,1,,2-2,,False,,,0,1               ,0,0,0,False,False,False,,,,,
3,P2251A,,,,,,,,-137203.730,102127.666,2.465,,1,1.000,1,,2-3,,False,,,0,1               ,0,0,0,False,False,False,,,,,
4,P2251A',,,,,,,,-137205.215,102127.299,2.533,,1,1.000,1,,2-3,,False,,,0,1               ,0,0,0,False,False,False,,,,,
5,P2350A,,,,,,,,-137201.586,102121.763,1.923,,1,1.000,1,,2-2,,False,,,0,1               ,0,0,0,False,False,False,,,,,
6,P2350A',,,,,,,,-137201.340,102122.533,1.923,,1,1.000,1,,2-2,,False,,,0,1               ,0,0,0,False,False,False,,,,,
7,P2387A,,,,,,,,-137192.789,102119.685,1.923,,1,1.000,1,,2-2,,False,,,0,1               ,0,0,0,False,False,False,,,,,
8,P2387A',,,,,,,,-137192.501,102120.081,1.923,,1,1.000,1,,2-2,,False,,,0,1               ,0,0,0,False,False,False,,,,,
9,P2390A,,,,,,,,-137198.871,102110.395,1.923,,1,1.000,1,,2-2,,False,,,0,1               ,0,0,0,False,False,False,,,,,
10,P2390A',,,,,,,,-137198.970,102109.338,1.923,,1,1.000,1,,2-2,,False,,,0,1               ,0,0,0,False,False,False,,,,,
11,P2401A,,,,,,,,-137195.751,102121.644,1.923,,1,1.000,1,,2-2,,False,,,0,1               ,0,0,0,False,False,False,,,,,
12,P2401A',,,,,,,,-137195.183,102121.993,1.923,,1,1.000,1,,2-2,,False,,,0,1               ,0,0,0,False,False,False,,,,,
13,P6178A,,,,,,,,-137177.009,102114.798,2.465,,1,1.000,1,,2-2,,False,,,0,1               ,0,0,0,False,False,False,,,,,
14,P6178A',,,,,,,,-137177.605,102114.832,2.533,,1,1.000,1,,2-2,,False,,,0,1               ,0,0,0,False,False,False,,,,,
15,SD201A,,,,,,,,-137173.484,102094.360,1.923,,1,1.000,1,,2-2,,False,,,0,1               ,0,0,0,False,False,False,,,,,
16,SD201A',,,,,,,,-137173.938,102093.631,1.923,,1,1.000,1,,2-2,,False,,,0,1               ,0,0,0,False,False,False,,,,,
17,SD203・204A,,,,,,,,-137184.230,102101.080,1.923,,1,1.000,1,,2-2,,False,,,0,1               ,0,0,0,False,False,False,,,,,
18,SD203・204A',,,,,,,,-137185.132,102100.298,1.923,,1,1.000,1,,2-2,,False,,,0,1               ,0,0,0,False,False,False,,,,,
19,SD205A,,,,,,,,-137187.459,102082.620,1.923,,1,1.000,1,,2-2,,False,,,0,1               ,0,0,0,False,False,False,,,,,
20,SD205A',,,,,,,,-137188.276,102083.111,1.923,,1,1.000,1,,2-2,,False,,,0,1               ,0,0,0,False,False,False,,,,,
21,SD206A,,,,,,,,-137190.074,102097.449,1.923,,1,1.000,1,,2-2,,False,,,0,1               ,0,0,0,False,False,False,,,,,
22,SD206A',,,,,,,,-137189.729,102098.056,1.923,,1,1.000,1,,2-2,,False,,,0,1               ,0,0,0,False,False,False,,,,,
23,SD207A,,,,,,,,-137183.403,102090.556,1.923,,1,1.000,1,,2-2,,False,,,0,1               ,0,0,0,False,False,False,,,,,
24,SD207A',,,,,,,,-137190.064,102085.614,1.923,,1,1.000,1,,2-2,,False,,,0,1               ,0,0,0,False,False,False,,,,,
25,SD207B,,,,,,,,-137185.973,102095.978,1.923,,1,1.000,1,,2-2,,False,,,0,1               ,0,0,0,False,False,False,,,,,
26,SD207B',,,,,,,,-137193.996,102091.543,1.923,,1,1.000,1,,2-2,,False,,,0,1               ,0,0,0,False,False,False,,,,,
27,SD207C,,,,,,,,-137194.897,102099.838,1.923,,1,1.000,1,,2-2,,False,,,0,1               ,0,0,0,False,False,False,,,,,
28,SD207C',,,,,,,,-137198.708,102095.362,1.923,,1,1.000,1,,2-2,,False,,,0,1               ,0,0,0,False,False,False,,,,,
29,SD208A,,,,,,,,-137200.998,102086.115,1.923,,1,1.000,1,,2-2,,False,,,0,1               ,0,0,0,False,False,False,,,,,
30,SD208A',,,,,,,,-137201.857,102086.096,1.923,,1,1.000,1,,2-2,,False,,,0,1               ,0,0,0,False,False,False,,,,,
31,SD208B,,,,,,,,-137199.503,102089.005,1.923,,1,1.000,1,,2-2,,False,,,0,1               ,0,0,0,False,False,False,,,,,
32,SD208B',,,,,,,,-137200.218,102089.651,1.923,,1,1.000,1,,2-2,,False,,,0,1               ,0,0,0,False,False,False,,,,,
33,SD208C,,,,,,,,-137194.506,102092.015,1.923,,1,1.000,1,,2-2,,False,,,0,1               ,0,0,0,False,False,False,,,,,
34,SD208C',,,,,,,,-137195.495,102092.914,1.923,,1,1.000,1,,2-2,,False,,,0,1               ,0,0,0,False,False,False,,,,,
35,SD209A,,,,,,,,-137198.672,102095.802,1.923,,1,1.000,1,,2-2,,False,,,0,1               ,0,0,0,False,False,False,,,,,
36,SD209A',,,,,,,,-137198.832,102094.294,1.923,,1,1.000,1,,2-2,,False,,,0,1               ,0,0,0,False,False,False,,,,,
37,SD210A,,,,,,,,-137204.340,102089.713,1.923,,1,1.000,1,,2-2,,False,,,0,1               ,0,0,0,False,False,False,,,,,
38,SD210A',,,,,,,,-137203.940,102089.117,1.923,,1,1.000,1,,2-2,,False,,,0,1               ,0,0,0,False,False,False,,,,,
39,SD211A,,,,,,,,-137206.034,102096.123,1.923,,1,1.000,1,,2-2,,False,,,0,1               ,0,0,0,False,False,False,,,,,
40,SD211A',,,,,,,,-137205.343,102095.833,1.923,,1,1.000,1,,2-2,,False,,,0,1               ,0,0,0,False,False,False,,,,,
41,SD214A,,,,,,,,-137198.184,102115.640,1.923,,1,1.000,1,,2-2,,False,,,0,1               ,0,0,0,False,False,False,,,,,
42,SD214A',,,,,,,,-137198.751,102115.955,1.923,,1,1.000,1,,2-2,,False,,,0,1               ,0,0,0,False,False,False,,,,,
43,SD215A,,,,,,,,-137199.362,102122.162,1.923,,1,1.000,1,,2-2,,False,,,0,1               ,0,0,0,False,False,False,,,,,
44,SD215A',,,,,,,,-137198.933,102122.461,1.923,,1,1.000,1,,2-2,,False,,,0,1               ,0,0,0,False,False,False,,,,,
45,SD217A,,,,,,,,-137203.187,102132.071,1.923,,1,1.000,1,,2-2,,False,,,0,1               ,0,0,0,False,False,False,,,,,
46,SD217A',,,,,,,,-137202.561,102132.396,1.923,,1,1.000,1,,2-2,,False,,,0,1               ,0,0,0,False,False,False,,,,,
47,SD222A,,,,,,,,-137195.197,102082.423,1.923,,1,1.000,1,,2-2,,False,,,0,1               ,0,0,0,False,False,False,,,,,
48,SD222A',,,,,,,,-137195.145,102082.805,1.923,,1,1.000,1,,2-2,,False,,,0,1               ,0,0,0,False,False,False,,,,,
49,SD224A,,,,,,,,-137190.386,102089.345,1.923,,1,1.000,1,,2-2,,False,,,0,1               ,0,0,0,False,False,False,,,,,
50,SD224A',,,,,,,,-137190.923,102088.700,1.923,,1,1.000,1,,2-2,,False,,,0,1               ,0,0,0,False,False,False,,,,,
51,SD225A,,,,,,,,-137164.869,102100.060,1.923,,1,1.000,1,,2-2,,False,,,0,1               ,0,0,0,False,False,False,,,,,
52,SD225A',,,,,,,,-137162.040,102101.317,1.923,,1,1.000,1,,2-2,,False,,,0,1               ,0,0,0,False,False,False,,,,,
53,SD226A,,,,,,,,-137206.373,102082.990,1.923,,1,1.000,1,,2-2,,False,,,0,1               ,0,0,0,False,False,False,,,,,
54,SD226A',,,,,,,,-137205.910,102083.695,1.923,,1,1.000,1,,2-2,,False,,,0,1               ,0,0,0,False,False,False,,,,,
55,SD227A,,,,,,,,-137194.994,102089.681,1.923,,1,1.000,1,,2-2,,False,,,0,1               ,0,0,0,False,False,False,,,,,
56,SD227A',,,,,,,,-137195.361,102090.127,1.923,,1,1.000,1,,2-2,,False,,,0,1               ,0,0,0,False,False,False,,,,,
57,SD228A,,,,,,,,-137186.064,102082.422,1.923,,1,1.000,1,,2-2,,False,,,0,1               ,0,0,0,False,False,False,,,,,
58,SD228A',,,,,,,,-137185.512,102082.832,1.923,,1,1.000,1,,2-2,,False,,,0,1               ,0,0,0,False,False,False,,,,,
59,SD229A,,,,,,,,-137176.362,102097.180,1.923,,1,1.000,1,,2-2,,False,,,0,1               ,0,0,0,False,False,False,,,,,
60,SD229A',,,,,,,,-137174.138,102094.724,1.923,,1,1.000,1,,2-2,,False,,,0,1               ,0,0,0,False,False,False,,,,,
61,SD231A,,,,,,,,-137193.391,102088.520,1.923,,1,1.000,1,,2-2,,False,,,0,1               ,0,0,0,False,False,False,,,,,
62,SD231A',,,,,,,,-137194.387,102088.856,1.923,,1,1.000,1,,2-2,,False,,,0,1               ,0,0,0,False,False,False,,,,,
63,SD232A,,,,,,,,-137205.153,102132.123,1.923,,1,1.000,1,,2-2,,False,,,0,1               ,0,0,0,False,False,False,,,,,
64,SD232A',,,,,,,,-137203.679,102132.753,1.923,,1,1.000,1,,2-2,,False,,,0,1               ,0,0,0,False,False,False,,,,,
65,SD601A,,,,,,,,-137174.410,102120.191,2.465,,1,1.000,1,,2-2,,False,,,0,1               ,0,0,0,False,False,False,,,,,
66,SD601A',,,,,,,,-137175.178,102119.796,2.533,,1,1.000,1,,2-2,,False,,,0,1               ,0,0,0,False,False,False,,,,,
67,SD602A,,,,,,,,-137177.083,102112.095,2.465,,1,1.000,1,,2-2,,False,,,0,1               ,0,0,0,False,False,False,,,,,
68,SD602A',,,,,,,,-137176.321,102112.130,2.533,,1,1.000,1,,2-2,,False,,,0,1               ,0,0,0,False,False,False,,,,,
69,SD602B,,,,,,,,-137177.911,102115.757,2.465,,1,1.000,1,,2-2,,False,,,0,1               ,0,0,0,False,False,False,,,,,
70,SD602B',,,,,,,,-137177.236,102116.033,2.533,,1,1.000,1,,2-2,,False,,,0,1               ,0,0,0,False,False,False,,,,,
71,SD602C,,,,,,,,-137179.152,102119.505,2.465,,1,1.000,1,,2-2,,False,,,0,1               ,0,0,0,False,False,False,,,,,
72,SD602C',,,,,,,,-137178.403,102119.694,2.533,,1,1.000,1,,2-2,,False,,,0,1               ,0,0,0,False,False,False,,,,,
73,SD604・SD603A,,,,,,,,-137185.652,102114.946,2.465,,1,1.000,1,,2-2,,False,,,0,1               ,0,0,0,False,False,False,,,,,
74,SD604・SD603A',,,,,,,,-137186.926,102113.988,2.533,,1,1.000,1,,2-2,,False,,,0,1               ,0,0,0,False,False,False,,,,,
75,SD604B,,,,,,,,-137183.447,102112.308,2.465,,1,1.000,1,,2-2,,False,,,0,1               ,0,0,0,False,False,False,,,,,
76,SD604B',,,,,,,,-137184.243,102111.716,2.533,,1,1.000,1,,2-2,,False,,,0,1               ,0,0,0,False,False,False,,,,,
77,SD605A,,,,,,,,-137189.799,102119.557,2.465,,1,1.000,1,,2-2,,False,,,0,1               ,0,0,0,False,False,False,,,,,
78,SD605A',,,,,,,,-137189.235,102119.966,2.533,,1,1.000,1,,2-2,,False,,,0,1               ,0,0,0,False,False,False,,,,,
79,SD607A,,,,,,,,-137178.869,102118.513,2.465,,1,1.000,1,,2-2,,False,,,0,1               ,0,0,0,False,False,False,,,,,
80,SD607A',,,,,,,,-137179.190,102118.907,2.533,,1,1.000,1,,2-2,,False,,,0,1               ,0,0,0,False,False,False,,,,,
81,SI201A,,,,,,,,-137196.479,102115.493,1.923,,1,1.000,1,,2-2,,False,,,0,1               ,0,0,0,False,False,False,,,,,
82,SI201A',,,,,,,,-137196.392,102120.859,1.923,,1,1.000,1,,2-2,,False,,,0,1               ,0,0,0,False,False,False,,,,,
83,SI201B,,,,,,,,-137198.687,102118.604,1.923,,1,1.000,1,,2-2,,False,,,0,1               ,0,0,0,False,False,False,,,,,
84,SI201B',,,,,,,,-137194.398,102118.417,1.923,,1,1.000,1,,2-2,,False,,,0,1               ,0,0,0,False,False,False,,,,,
85,SI202A,,,,,,,,-137206.575,102130.581,1.923,,1,1.000,1,,2-2,,False,,,0,1               ,0,0,0,False,False,False,,,,,
86,SI202A',,,,,,,,-137202.472,102126.482,1.923,,1,1.000,1,,2-2,,False,,,0,1               ,0,0,0,False,False,False,,,,,
87,SI202B,,,,,,,,-137206.740,102126.116,1.923,,1,1.000,1,,2-2,,False,,,0,1               ,0,0,0,False,False,False,,,,,
88,SI202B',,,,,,,,-137202.861,102130.102,1.923,,1,1.000,1,,2-2,,False,,,0,1               ,0,0,0,False,False,False,,,,,
89,SI601A,,,,,,,,-137177.279,102126.498,2.465,,1,1.000,1,,2-2,,False,,,0,1               ,0,0,0,False,False,False,,,,,
90,SI601A',,,,,,,,-137180.155,102129.896,2.533,,1,1.000,1,,2-2,,False,,,0,1               ,0,0,0,False,False,False,,,,,
91,SI601B,,,,,,,,-137180.154,102127.422,2.465,,1,1.000,1,,2-2,,False,,,0,1               ,0,0,0,False,False,False,,,,,
92,SI601B',,,,,,,,-137178.471,102128.785,2.533,,1,1.000,1,,2-2,,False,,,0,1               ,0,0,0,False,False,False,,,,,
93,SK201A,,,,,,,,-137164.906,102099.086,1.923,,1,1.000,1,,2-2,,False,,,0,1               ,0,0,0,False,False,False,,,,,
94,SK201A',,,,,,,,-137163.468,102099.617,1.923,,1,1.000,1,,2-2,,False,,,0,1               ,0,0,0,False,False,False,,,,,
95,SK204A,,,,,,,,-137174.158,102096.720,1.923,,1,1.000,1,,2-2,,False,,,0,1               ,0,0,0,False,False,False,,,,,
96,SK204A',,,,,,,,-137174.723,102097.439,1.923,,1,1.000,1,,2-2,,False,,,0,1               ,0,0,0,False,False,False,,,,,
97,SK205A,,,,,,,,-137185.182,102103.873,1.923,,1,1.000,1,,2-2,,False,,,0,1               ,0,0,0,False,False,False,,,,,
98,SK205A',,,,,,,,-137184.503,102103.212,1.923,,1,1.000,1,,2-2,,False,,,0,1               ,0,0,0,False,False,False,,,,,
99,SK206A,,,,,,,,-137204.473,102112.868,1.923,,1,1.000,1,,2-2,,False,,,0,1               ,0,0,0,False,False,False,,,,,
100,SK206A',,,,,,,,-137204.670,102113.933,1.923,,1,1.000,1,,2-2,,False,,,0,1               ,0,0,0,False,False,False,,,,,
101,SK208A,,,,,,,,-137200.517,102127.190,1.923,,1,1.000,1,,2-2,,False,,,0,1               ,0,0,0,False,False,False,,,,,
102,SK208A',,,,,,,,-137199.026,102127.497,1.923,,1,1.000,1,,2-2,,False,,,0,1               ,0,0,0,False,False,False,,,,,
103,SK211A,,,,,,,,-137201.778,102124.652,1.923,,1,1.000,1,,2-2,,False,,,0,1               ,0,0,0,False,False,False,,,,,
104,SK211A',,,,,,,,-137201.290,102125.783,1.923,,1,1.000,1,,2-2,,False,,,0,1               ,0,0,0,False,False,False,,,,,
105,SK214A,,,,,,,,-137205.856,102119.673,1.923,,1,1.000,1,,2-2,,False,,,0,1               ,0,0,0,False,False,False,,,,,
106,SK214A',,,,,,,,-137206.569,102120.174,1.923,,1,1.000,1,,2-2,,False,,,0,1               ,0,0,0,False,False,False,,,,,
107,SK215A,,,,,,,,-137204.921,102121.340,1.923,,1,1.000,1,,2-2,,False,,,0,1               ,0,0,0,False,False,False,,,,,
108,SK215A',,,,,,,,-137205.614,102121.039,1.923,,1,1.000,1,,2-2,,False,,,0,1               ,0,0,0,False,False,False,,,,,
109,SK220A,,,,,,,,-137199.641,102122.486,1.923,,1,1.000,1,,2-2,,False,,,0,1               ,0,0,0,False,False,False,,,,,
110,SK220A',,,,,,,,-137200.205,102123.740,1.923,,1,1.000,1,,2-2,,False,,,0,1               ,0,0,0,False,False,False,,,,,
111,SK221A,,,,,,,,-137197.643,102130.410,1.923,,1,1.000,1,,2-2,,False,,,0,1               ,0,0,0,False,False,False,,,,,
112,SK221A',,,,,,,,-137197.839,102131.089,1.923,,1,1.000,1,,2-2,,False,,,0,1               ,0,0,0,False,False,False,,,,,
113,SK224A,,,,,,,,-137202.857,102085.653,1.923,,1,1.000,1,,2-2,,False,,,0,1               ,0,0,0,False,False,False,,,,,
114,SK224A',,,,,,,,-137202.546,102087.577,1.923,,1,1.000,1,,2-2,,False,,,0,1               ,0,0,0,False,False,False,,,,,
115,SK226A,,,,,,,,-137205.784,102123.750,1.923,,1,1.000,1,,2-2,,False,,,0,1               ,0,0,0,False,False,False,,,,,
116,SK226A',,,,,,,,-137204.762,102124.572,1.923,,1,1.000,1,,2-2,,False,,,0,1               ,0,0,0,False,False,False,,,,,
117,SK227A,,,,,,,,-137199.708,102105.230,1.923,,1,1.000,1,,2-2,,False,,,0,1               ,0,0,0,False,False,False,,,,,
118,SK227A',,,,,,,,-137200.563,102104.213,1.923,,1,1.000,1,,2-2,,False,,,0,1               ,0,0,0,False,False,False,,,,,
119,SK229A,,,,,,,,-137181.994,102103.907,1.923,,1,1.000,1,,2-2,,False,,,0,1               ,0,0,0,False,False,False,,,,,
120,SK229A',,,,,,,,-137182.392,102103.325,1.923,,1,1.000,1,,2-2,,False,,,0,1               ,0,0,0,False,False,False,,,,,
121,SK230A,,,,,,,,-137177.625,102101.708,1.923,,1,1.000,1,,2-2,,False,,,0,1               ,0,0,0,False,False,False,,,,,
122,SK230A',,,,,,,,-137178.556,102101.678,1.923,,1,1.000,1,,2-2,,False,,,0,1               ,0,0,0,False,False,False,,,,,
123,SK231・235,,,,,,,,-137195.012,102085.709,1.923,,1,1.000,1,,2-2,・236A,False,,,0,1               ,0,0,0,False,False,False,,,,,
124,SK231・235,,,,,,,,-137192.642,102084.006,1.923,,1,1.000,1,,2-2,・236A',False,,,0,1               ,0,0,0,False,False,False,,,,,
125,SK237A,,,,,,,,-137195.471,102107.874,1.923,,1,1.000,1,,2-2,,False,,,0,1               ,0,0,0,False,False,False,,,,,
126,SK237A',,,,,,,,-137196.923,102106.469,1.923,,1,1.000,1,,2-2,,False,,,0,1               ,0,0,0,False,False,False,,,,,
127,SK238A,,,,,,,,-137165.269,102106.918,1.923,,1,1.000,1,,2-2,,False,,,0,1               ,0,0,0,False,False,False,,,,,
128,SK238A',,,,,,,,-137162.965,102106.950,1.923,,1,1.000,1,,2-2,,False,,,0,1               ,0,0,0,False,False,False,,,,,
129,SK241A,,,,,,,,-137192.293,102085.562,1.923,,1,1.000,1,,2-2,,False,,,0,1               ,0,0,0,False,False,False,,,,,
130,SK241A',,,,,,,,-137192.700,102086.504,1.923,,1,1.000,1,,2-2,,False,,,0,1               ,0,0,0,False,False,False,,,,,
131,SK242A,,,,,,,,-137199.037,102129.337,1.923,,1,1.000,1,,2-2,,False,,,0,1               ,0,0,0,False,False,False,,,,,
132,SK242A',,,,,,,,-137198.331,102130.132,1.923,,1,1.000,1,,2-2,,False,,,0,1               ,0,0,0,False,False,False,,,,,
133,SK243A,,,,,,,,-137201.118,102123.545,1.923,,1,1.000,1,,2-2,,False,,,0,1               ,0,0,0,False,False,False,,,,,
134,SK243A',,,,,,,,-137200.544,102122.137,1.923,,1,1.000,1,,2-2,,False,,,0,1               ,0,0,0,False,False,False,,,,,
135,SK244A,,,,,,,,-137196.794,102119.903,2.465,,1,1.000,1,,2-3,,False,,,0,1               ,0,0,0,False,False,False,,,,,
136,SK244A',,,,,,,,-137194.374,102119.756,2.533,,1,1.000,1,,2-3,,False,,,0,1               ,0,0,0,False,False,False,,,,,
137,SK601A,,,,,,,,-137183.889,102128.665,2.465,,1,1.000,1,,2-2,,False,,,0,1               ,0,0,0,False,False,False,,,,,
138,SK601A',,,,,,,,-137183.823,102126.972,2.533,,1,1.000,1,,2-2,,False,,,0,1               ,0,0,0,False,False,False,,,,,
139,SK603A,,,,,,,,-137189.138,102126.748,2.465,,1,1.000,1,,2-2,,False,,,0,1               ,0,0,0,False,False,False,,,,,
140,SK603A',,,,,,,,-137189.978,102127.403,2.533,,1,1.000,1,,2-2,,False,,,0,1               ,0,0,0,False,False,False,,,,,
141,SK606A,,,,,,,,-137188.781,102120.070,2.465,,1,1.000,1,,2-2,,False,,,0,1               ,0,0,0,False,False,False,,,,,
142,SK606A',,,,,,,,-137187.499,102120.935,2.533,,1,1.000,1,,2-2,,False,,,0,1               ,0,0,0,False,False,False,,,,,
143,SK607A,,,,,,,,-137181.489,102119.684,2.465,,1,1.000,1,,2-2,,False,,,0,1               ,0,0,0,False,False,False,,,,,
144,SK607A',,,,,,,,-137182.589,102118.834,2.533,,1,1.000,1,,2-2,,False,,,0,1               ,0,0,0,False,False,False,,,,,
145,SK609・SK610,,,,,,,,-137185.843,102111.808,2.465,,1,1.000,1,,2-2,・SK611A,False,,,0,1               ,0,0,0,False,False,False,,,,,
146,SK609・SK610,,,,,,,,-137183.317,102113.850,2.533,,1,1.000,1,,2-2,・SK611A',False,,,0,1               ,0,0,0,False,False,False,,,,,
147,SK613A,,,,,,,,-137189.108,102112.424,2.465,,1,1.000,1,,2-2,,False,,,0,1               ,0,0,0,False,False,False,,,,,
148,SK613A',,,,,,,,-137188.277,102111.511,2.533,,1,1.000,1,,2-2,,False,,,0,1               ,0,0,0,False,False,False,,,,,
149,SK614A,,,,,,,,-137183.762,102110.875,2.465,,1,1.000,1,,2-2,,False,,,0,1               ,0,0,0,False,False,False,,,,,
150,SK614A',,,,,,,,-137182.744,102111.774,2.533,,1,1.000,1,,2-2,,False,,,0,1               ,0,0,0,False,False,False,,,,,
151,SK615A,,,,,,,,-137178.042,102118.694,2.465,,1,1.000,1,,2-2,,False,,,0,1               ,0,0,0,False,False,False,,,,,
152,SK615A',,,,,,,,-137177.387,102117.687,2.533,,1,1.000,1,,2-2,,False,,,0,1               ,0,0,0,False,False,False,,,,,
153,SK616A,,,,,,,,-137179.071,102119.321,2.465,,1,1.000,1,,2-2,,False,,,0,1               ,0,0,0,False,False,False,,,,,
154,SK616A',,,,,,,,-137177.975,102118.756,2.533,,1,1.000,1,,2-2,,False,,,0,1               ,0,0,0,False,False,False,,,,,
155,SK617A,,,,,,,,-137189.932,102132.040,2.465,,1,1.000,1,,2-2,,False,,,0,1               ,0,0,0,False,False,False,,,,,
156,SK617A',,,,,,,,-137191.273,102131.147,2.533,,1,1.000,1,,2-2,,False,,,0,1               ,0,0,0,False,False,False,,,,,
157,SK618・SK619A,,,,,,,,-137182.448,102117.850,2.465,,1,1.000,1,,2-2,,False,,,0,1               ,0,0,0,False,False,False,,,,,
158,SK618・SK619A',,,,,,,,-137181.201,102116.137,2.533,,1,1.000,1,,2-2,,False,,,0,1               ,0,0,0,False,False,False,,,,,
159,SK620A,,,,,,,,-137175.842,102124.375,2.465,,1,1.000,1,,2-2,,False,,,0,1               ,0,0,0,False,False,False,,,,,
160,SK620A',,,,,,,,-137176.791,102125.675,2.533,,1,1.000,1,,2-2,,False,,,0,1               ,0,0,0,False,False,False,,,,,
161,SX203A,,,,,,,,-137186.067,102104.023,1.923,,1,1.000,1,,2-2,,False,,,0,1               ,0,0,0,False,False,False,,,,,
162,SX203A',,,,,,,,-137188.764,102104.039,1.923,,1,1.000,1,,2-2,,False,,,0,1               ,0,0,0,False,False,False,,,,,
163,SX204A,,,,,,,,-137191.584,102102.896,1.923,,1,1.000,1,,2-2,,False,,,0,1               ,0,0,0,False,False,False,,,,,
164,SX204A',,,,,,,,-137190.364,102102.632,1.923,,1,1.000,1,,2-2,,False,,,0,1               ,0,0,0,False,False,False,,,,,
165,SX205A,,,,,,,,-137191.243,102102.149,1.923,,1,1.000,1,,2-2,,False,,,0,1               ,0,0,0,False,False,False,,,,,
166,SX205A',,,,,,,,-137191.947,102101.463,1.923,,1,1.000,1,,2-2,,False,,,0,1               ,0,0,0,False,False,False,,,,,
167,SX206A,,,,,,,,-137194.387,102104.094,1.923,,1,1.000,1,,2-2,,False,,,0,1               ,0,0,0,False,False,False,,,,,
168,SX206A',,,,,,,,-137195.079,102103.047,1.923,,1,1.000,1,,2-2,,False,,,0,1               ,0,0,0,False,False,False,,,,,
169,SX208A,,,,,,,,-137200.328,102107.870,1.923,,1,1.000,1,,2-2,,False,,,0,1               ,0,0,0,False,False,False,,,,,
170,SX208A',,,,,,,,-137199.418,102109.512,1.923,,1,1.000,1,,2-2,,False,,,0,1               ,0,0,0,False,False,False,,,,,
171,SX209A,,,,,,,,-137195.714,102130.536,1.923,,1,1.000,1,,2-2,,False,,,0,1               ,0,0,0,False,False,False,,,,,
172,SX209A',,,,,,,,-137199.644,102129.267,1.923,,1,1.000,1,,2-2,,False,,,0,1               ,0,0,0,False,False,False,,,,,
173,SX211A,,,,,,,,-137193.878,102124.802,1.923,,1,1.000,1,,2-2,,False,,,0,1               ,0,0,0,False,False,False,,,,,
174,SX211A',,,,,,,,-137193.904,102123.576,1.923,,1,1.000,1,,2-2,,False,,,0,1               ,0,0,0,False,False,False,,,,,
175,SX212A,,,,,,,,-137178.773,102097.572,1.923,,1,1.000,1,,2-2,,False,,,0,1               ,0,0,0,False,False,False,,,,,
176,SX212A',,,,,,,,-137179.171,102098.883,1.923,,1,1.000,1,,2-2,,False,,,0,1               ,0,0,0,False,False,False,,,,,
177,SX601A,,,,,,,,-137189.078,102115.893,2.465,,1,1.000,1,,2-2,,False,,,0,1               ,0,0,0,False,False,False,,,,,
178,SX606A',,,,,,,,-137187.282,102117.831,2.533,,1,1.000,1,,2-2,,False,,,0,1               ,0,0,0,False,False,False,,,,,
179,LV-2213,,,,,,,,-137205.551,102104.152,2.035,,1,1.000,4,,2-1,,False,,,0,1               ,0,0,0,False,False,False,,,,,
180,LV-2214,,,,,,,,-137205.288,102104.415,2.117,,1,1.000,4,,2-1,,False,,,0,1               ,0,0,0,False,False,False,,,,,
181,LV-2215,,,,,,,,-137161.969,102095.757,2.101,,1,1.000,4,,2-1,,False,,,0,1               ,0,0,0,False,False,False,,,,,
182,LV-2216,,,,,,,,-137161.680,102096.062,2.108,,1,1.000,4,,2-1,,False,,,0,1               ,0,0,0,False,False,False,,,,,
183,LV-2217,,,,,,,,-137201.212,102123.055,2.072,,1,1.000,4,,2-1,,False,,,0,1               ,0,0,0,False,False,False,,,,,
184,LV-2218,,,,,,,,-137181.856,102103.053,2.320,,1,1.000,4,,2-2,,False,,,0,1               ,0,0,0,False,False,False,,,,,
185,LV-2219,,,,,,,,-137165.825,102123.262,2.339,,1,1.000,4,,2-2,,False,,,0,1               ,0,0,0,False,False,False,,,,,
186,LV-2220,,,,,,,,-137164.853,102120.736,2.378,,1,1.000,4,,2-2,,False,,,0,1               ,0,0,0,False,False,False,,,,,
187,LV-2221,,,,,,,,-137150.284,102107.221,1.935,,1,1.000,4,,2-2,,False,,,0,1               ,0,0,0,False,False,False,,,,,
188,LV-2222,,,,,,,,-137150.080,102105.742,1.919,,1,1.000,4,,2-2,,False,,,0,1               ,0,0,0,False,False,False,,,,,
189,LV-2223,,,,,,,,-137149.907,102102.190,1.906,,1,1.000,4,,2-2,,False,,,0,1               ,0,0,0,False,False,False,,,,,
190,LV-2224,,,,,,,,-137149.540,102098.678,1.945,,1,1.000,4,,2-2,,False,,,0,1               ,0,0,0,False,False,False,,,,,
191,LV-2225,,,,,,,,-137202.438,102088.746,2.001,,1,1.000,4,,2-2,,False,,,0,1               ,0,0,0,False,False,False,,,,,
192,LV-2226,,,,,,,,-137187.230,102102.759,2.029,,1,1.000,4,,2-2,,False,,,0,1               ,0,0,0,False,False,False,,,,,
193,LV-2227,,,,,,,,-137184.891,102103.569,2.134,,1,1.000,4,,2-2,,False,,,0,1               ,0,0,0,False,False,False,,,,,
194,LV-2228,,,,,,,,-137179.044,102103.334,2.297,,1,1.000,4,,2-2,,False,,,0,1               ,0,0,0,False,False,False,,,,,
195,LV-2229,,,,,,,,-137175.951,102099.354,2.264,,1,1.000,4,,2-2,,False,,,0,1               ,0,0,0,False,False,False,,,,,
196,LV-2230,,,,,,,,-137175.879,102099.701,2.253,,1,1.000,4,,2-2,,False,,,0,1               ,0,0,0,False,False,False,,,,,
197,LV-2231,,,,,,,,-137205.153,102096.926,2.337,,1,1.000,4,,2-2,,False,,,0,1               ,0,0,0,False,False,False,,,,,
198,LV-2232,,,,,,,,-137204.493,102100.377,2.317,,1,1.000,4,,2-2,,False,,,0,1               ,0,0,0,False,False,False,,,,,
199,LV-2233,,,,,,,,-137200.532,102097.578,2.357,,1,1.000,4,,2-2,,False,,,0,1               ,0,0,0,False,False,False,,,,,
200,LV-2234,,,,,,,,-137200.614,102094.575,2.340,,1,1.000,4,,2-2,,False,,,0,1               ,0,0,0,False,False,False,,,,,
201,LV-2235,,,,,,,,-137205.159,102094.557,2.319,,1,1.000,4,,2-2,,False,,,0,1               ,0,0,0,False,False,False,,,,,
202,LV-2236,,,,,,,,-137207.588,102084.090,2.064,,1,1.000,4,,2-2,,False,,,0,1               ,0,0,0,False,False,False,,,,,
203,LV-2237,,,,,,,,-137205.971,102083.228,2.180,,1,1.000,4,,2-2,,False,,,0,1               ,0,0,0,False,False,False,,,,,
204,LV-2238,,,,,,,,-137204.564,102082.219,2.061,,1,1.000,4,,2-2,,False,,,0,1               ,0,0,0,False,False,False,,,,,
205,LV-2239,,,,,,,,-137206.290,102081.919,2.259,,1,1.000,4,,2-2,,False,,,0,1               ,0,0,0,False,False,False,,,,,
206,LV-2240,,,,,,,,-137202.440,102091.140,2.290,,1,1.000,4,,2-2,,False,,,0,1               ,0,0,0,False,False,False,,,,,
207,LV-2241,,,,,,,,-137199.685,102092.813,2.275,,1,1.000,4,,2-2,,False,,,0,1               ,0,0,0,False,False,False,,,,,
208,LV-2242,,,,,,,,-137194.248,102081.230,2.153,,1,1.000,4,,2-2,,False,,,0,1               ,0,0,0,False,False,False,,,,,
209,LV-2243,,,,,,,,-137191.656,102081.225,2.190,,1,1.000,4,,2-2,,False,,,0,1               ,0,0,0,False,False,False,,,,,
210,LV-2244,,,,,,,,-137190.419,102086.764,2.265,,1,1.000,4,,2-2,,False,,,0,1               ,0,0,0,False,False,False,,,,,
211,LV-2245,,,,,,,,-137159.867,102105.101,2.263,,1,1.000,4,,2-2,,False,,,0,1               ,0,0,0,False,False,False,,,,,
212,LV-2246,,,,,,,,-137153.090,102103.863,1.726,,1,1.000,4,,2-2,,False,,,0,1               ,0,0,0,False,False,False,,,,,
213,LV-2247,,,,,,,,-137149.452,102104.678,2.321,,1,1.000,4,,2-2,,False,,,0,1               ,0,0,0,False,False,False,,,,,
214,LV-2248,,,,,,,,-137152.660,102098.457,1.668,,1,1.000,4,,2-2,,False,,,0,1               ,0,0,0,False,False,False,,,,,
215,LV-2249,,,,,,,,-137156.903,102101.317,1.798,,1,1.000,4,,2-2,,False,,,0,1               ,0,0,0,False,False,False,,,,,
216,LV-2250,,,,,,,,-137160.412,102100.180,1.948,,1,1.000,4,,2-2,,False,,,0,1               ,0,0,0,False,False,False,,,,,
217,LV-2251,,,,,,,,-137156.723,102094.949,2.111,,1,1.000,4,,2-2,,False,,,0,1               ,0,0,0,False,False,False,,,,,
218,LV-2252,,,,,,,,-137152.219,102093.331,1.675,,1,1.000,4,,2-2,,False,,,0,1               ,0,0,0,False,False,False,,,,,
219,LV-2253,,,,,,,,-137155.949,102089.669,2.177,,1,1.000,4,,2-2,,False,,,0,1               ,0,0,0,False,False,False,,,,,
220,LV-2254,,,,,,,,-137153.360,102087.985,2.097,,1,1.000,4,,2-2,,False,,,0,1               ,0,0,0,False,False,False,,,,,
221,LV-2255,,,,,,,,-137151.225,102088.094,1.664,,1,1.000,4,,2-2,,False,,,0,1               ,0,0,0,False,False,False,,,,,
222,LV-2256,,,,,,,,-137154.467,102081.844,1.944,,1,1.000,4,,2-2,,False,,,0,1               ,0,0,0,False,False,False,,,,,
223,LV-2257,,,,,,,,-137150.283,102082.501,1.664,,1,1.000,4,,2-2,,False,,,0,1               ,0,0,0,False,False,False,,,,,
224,LV-2258,,,,,,,,-137163.686,102097.084,2.563,,1,1.000,4,,2-2,,False,,,0,1               ,0,0,0,False,False,False,,,,,
225,LV-2259,,,,,,,,-137163.209,102084.370,2.325,,1,1.000,4,,2-2,,False,,,0,1               ,0,0,0,False,False,False,,,,,
226,LV-2260,,,,,,,,-137163.625,102088.886,2.437,,1,1.000,4,,2-2,,False,,,0,1               ,0,0,0,False,False,False,,,,,
227,LV-2261,,,,,,,,-137165.903,102099.030,2.564,,1,1.000,4,,2-2,,False,,,0,1               ,0,0,0,False,False,False,,,,,
228,LV-2262,,,,,,,,-137167.085,102101.424,2.549,,1,1.000,4,,2-2,,False,,,0,1               ,0,0,0,False,False,False,,,,,
229,LV-2263,,,,,,,,-137168.985,102084.333,2.384,,1,1.000,4,,2-2,,False,,,0,1               ,0,0,0,False,False,False,,,,,
230,LV-2264,,,,,,,,-137171.844,102084.349,2.363,,1,1.000,4,,2-2,,False,,,0,1               ,0,0,0,False,False,False,,,,,
231,LV-2265,,,,,,,,-137171.321,102087.598,2.412,,1,1.000,4,,2-2,,False,,,0,1               ,0,0,0,False,False,False,,,,,
232,LV-2266,,,,,,,,-137176.312,102084.275,2.356,,1,1.000,4,,2-2,,False,,,0,1               ,0,0,0,False,False,False,,,,,
233,LV-2267,,,,,,,,-137176.342,102087.685,2.447,,1,1.000,4,,2-2,,False,,,0,1               ,0,0,0,False,False,False,,,,,
234,LV-2268,,,,,,,,-137179.859,102094.778,2.406,,1,1.000,4,,2-2,,False,,,0,1               ,0,0,0,False,False,False,,,,,
235,LV-2269,,,,,,,,-137178.570,102096.429,2.449,,1,1.000,4,,2-2,,False,,,0,1               ,0,0,0,False,False,False,,,,,
236,LV-2270,,,,,,,,-137179.134,102102.597,2.434,,1,1.000,4,,2-2,,False,,,0,1               ,0,0,0,False,False,False,,,,,
237,LV-2271,,,,,,,,-137181.858,102098.973,2.455,,1,1.000,4,,2-2,,False,,,0,1               ,0,0,0,False,False,False,,,,,
238,LV-2272,,,,,,,,-137181.511,102095.811,2.416,,1,1.000,4,,2-2,,False,,,0,1               ,0,0,0,False,False,False,,,,,
239,LV-2273,,,,,,,,-137188.698,102095.512,2.186,,1,1.000,4,,2-2,,False,,,0,1               ,0,0,0,False,False,False,,,,,
240,LV-2274,,,,,,,,-137182.948,102097.539,2.438,,1,1.000,4,,2-2,,False,,,0,1               ,0,0,0,False,False,False,,,,,
241,LV-2275,,,,,,,,-137189.417,102102.322,2.308,,1,1.000,4,,2-2,,False,,,0,1               ,0,0,0,False,False,False,,,,,
242,LV-2276,,,,,,,,-137191.828,102106.204,2.340,,1,1.000,4,,2-2,,False,,,0,1               ,0,0,0,False,False,False,,,,,
243,LV-2277,,,,,,,,-137191.808,102104.124,2.323,,1,1.000,4,,2-2,,False,,,0,1               ,0,0,0,False,False,False,,,,,
244,LV-2278,,,,,,,,-137193.823,102104.708,2.395,,1,1.000,4,,2-2,,False,,,0,1               ,0,0,0,False,False,False,,,,,
245,LV-2279,,,,,,,,-137196.246,102104.929,2.407,,1,1.000,4,,2-2,,False,,,0,1               ,0,0,0,False,False,False,,,,,
246,LV-2280,,,,,,,,-137196.938,102102.795,2.138,,1,1.000,4,,2-2,,False,,,0,1               ,0,0,0,False,False,False,,,,,
247,LV-2281,,,,,,,,-137197.049,102109.131,2.346,,1,1.000,4,,2-2,,False,,,0,1               ,0,0,0,False,False,False,,,,,
248,LV-2282,,,,,,,,-137194.371,102110.724,2.408,,1,1.000,4,,2-2,,False,,,0,1               ,0,0,0,False,False,False,,,,,
249,LV-2283,,,,,,,,-137192.585,102110.588,2.433,,1,1.000,4,,2-2,,False,,,0,1               ,0,0,0,False,False,False,,,,,
250,LV-2284,,,,,,,,-137202.745,102111.820,2.262,,1,1.000,4,,2-2,,False,,,0,1               ,0,0,0,False,False,False,,,,,
251,LV-2285,,,,,,,,-137203.312,102109.563,2.080,,1,1.000,4,,2-2,,False,,,0,1               ,0,0,0,False,False,False,,,,,
252,LV-2286,,,,,,,,-137203.207,102109.176,2.064,,1,1.000,4,,2-2,,False,,,0,1               ,0,0,0,False,False,False,,,,,
253,LV-2287,,,,,,,,-137202.828,102109.255,2.085,,1,1.000,4,,2-2,,False,,,0,1               ,0,0,0,False,False,False,,,,,
254,LV-2288,,,,,,,,-137202.758,102109.637,2.052,,1,1.000,4,,2-2,,False,,,0,1               ,0,0,0,False,False,False,,,,,
255,LV-2289,,,,,,,,-137202.260,102108.896,2.175,,1,1.000,4,,2-2,,False,,,0,1               ,0,0,0,False,False,False,,,,,
256,LV-2290,,,,,,,,-137201.906,102109.652,2.229,,1,1.000,4,,2-2,,False,,,0,1               ,0,0,0,False,False,False,,,,,
257,LV-2291,,,,,,,,-137201.588,102110.681,2.033,,1,1.000,4,,2-2,,False,,,0,1               ,0,0,0,False,False,False,,,,,
258,LV-2292,,,,,,,,-137198.579,102110.862,2.060,,1,1.000,4,,2-2,,False,,,0,1               ,0,0,0,False,False,False,,,,,
259,LV-2293,,,,,,,,-137198.776,102110.551,2.139,,1,1.000,4,,2-2,,False,,,0,1               ,0,0,0,False,False,False,,,,,
260,LV-2294,,,,,,,,-137198.851,102109.868,2.087,,1,1.000,4,,2-2,,False,,,0,1               ,0,0,0,False,False,False,,,,,
261,LV-2295,,,,,,,,-137200.190,102108.841,2.260,,1,1.000,4,,2-2,,False,,,0,1               ,0,0,0,False,False,False,,,,,
262,LV-2296,,,,,,,,-137199.439,102108.014,2.038,,1,1.000,4,,2-2,,False,,,0,1               ,0,0,0,False,False,False,,,,,
263,LV-2297,,,,,,,,-137195.345,102109.981,2.093,,1,1.000,4,,2-2,,False,,,0,1               ,0,0,0,False,False,False,,,,,
264,LV-2298,,,,,,,,-137194.956,102109.535,2.396,,1,1.000,4,,2-2,,False,,,0,1               ,0,0,0,False,False,False,,,,,
265,LV-2299,,,,,,,,-137195.266,102108.111,2.100,,1,1.000,4,,2-2,,False,,,0,1               ,0,0,0,False,False,False,,,,,
266,LV-2300,,,,,,,,-137196.280,102107.197,2.118,,1,1.000,4,,2-2,,False,,,0,1               ,0,0,0,False,False,False,,,,,
267,LV-2301,,,,,,,,-137194.387,102107.029,2.209,,1,1.000,4,,2-2,,False,,,0,1               ,0,0,0,False,False,False,,,,,
268,LV-2302,,,,,,,,-137194.537,102108.545,2.106,,1,1.000,4,,2-2,,False,,,0,1               ,0,0,0,False,False,False,,,,,
269,LV-2303,,,,,,,,-137194.275,102108.618,2.103,,1,1.000,4,,2-2,,False,,,0,1               ,0,0,0,False,False,False,,,,,
270,LV-2304,,,,,,,,-137194.074,102109.132,2.111,,1,1.000,4,,2-2,,False,,,0,1               ,0,0,0,False,False,False,,,,,
271,LV-2305,,,,,,,,-137193.050,102108.029,2.150,,1,1.000,4,,2-2,,False,,,0,1               ,0,0,0,False,False,False,,,,,
272,LV-2306,,,,,,,,-137192.766,102109.148,2.105,,1,1.000,4,,2-2,,False,,,0,1               ,0,0,0,False,False,False,,,,,
273,LV-2307,,,,,,,,-137192.797,102108.624,2.177,,1,1.000,4,,2-2,,False,,,0,1               ,0,0,0,False,False,False,,,,,
274,LV-2308,,,,,,,,-137192.206,102108.720,2.116,,1,1.000,4,,2-2,,False,,,0,1               ,0,0,0,False,False,False,,,,,
275,LV-2309,,,,,,,,-137191.636,102109.851,2.232,,1,1.000,4,,2-2,,False,,,0,1               ,0,0,0,False,False,False,,,,,
276,LV-2310,,,,,,,,-137191.487,102109.430,2.147,,1,1.000,4,,2-2,,False,,,0,1               ,0,0,0,False,False,False,,,,,
277,LV-2311,,,,,,,,-137191.456,102108.870,2.166,,1,1.000,4,,2-2,,False,,,0,1               ,0,0,0,False,False,False,,,,,
278,LV-2312,,,,,,,,-137191.796,102107.591,2.015,,1,1.000,4,,2-2,,False,,,0,1               ,0,0,0,False,False,False,,,,,
279,LV-2313,,,,,,,,-137191.271,102107.411,2.054,,1,1.000,4,,2-2,,False,,,0,1               ,0,0,0,False,False,False,,,,,
280,LV-2314,,,,,,,,-137191.068,102107.221,2.219,,1,1.000,4,,2-2,,False,,,0,1               ,0,0,0,False,False,False,,,,,
281,LV-2315,,,,,,,,-137193.298,102107.382,2.128,,1,1.000,4,,2-2,,False,,,0,1               ,0,0,0,False,False,False,,,,,
282,LV-2316,,,,,,,,-137193.258,102106.635,2.262,,1,1.000,4,,2-2,,False,,,0,1               ,0,0,0,False,False,False,,,,,
283,LV-2317,,,,,,,,-137193.030,102106.454,2.250,,1,1.000,4,,2-2,,False,,,0,1               ,0,0,0,False,False,False,,,,,
284,LV-2318,,,,,,,,-137194.687,102105.368,2.224,,1,1.000,4,,2-2,,False,,,0,1               ,0,0,0,False,False,False,,,,,
285,LV-2319,,,,,,,,-137197.519,102105.459,2.113,,1,1.000,4,,2-2,,False,,,0,1               ,0,0,0,False,False,False,,,,,
286,LV-2320,,,,,,,,-137197.280,102105.555,2.012,,1,1.000,4,,2-2,,False,,,0,1               ,0,0,0,False,False,False,,,,,
287,LV-2321,,,,,,,,-137198.704,102105.481,1.977,,1,1.000,4,,2-2,,False,,,0,1               ,0,0,0,False,False,False,,,,,
288,LV-2322,,,,,,,,-137199.141,102106.222,1.955,,1,1.000,4,,2-2,,False,,,0,1               ,0,0,0,False,False,False,,,,,
289,LV-2323,,,,,,,,-137199.864,102106.718,2.054,,1,1.000,4,,2-2,,False,,,0,1               ,0,0,0,False,False,False,,,,,
290,LV-2324,,,,,,,,-137200.846,102105.742,2.270,,1,1.000,4,,2-2,,False,,,0,1               ,0,0,0,False,False,False,,,,,
291,LV-2325,,,,,,,,-137200.167,102104.628,2.150,,1,1.000,4,,2-2,,False,,,0,1               ,0,0,0,False,False,False,,,,,
292,LV-2326,,,,,,,,-137205.708,102100.339,2.031,,1,1.000,4,,2-2,,False,,,0,1               ,0,0,0,False,False,False,,,,,
293,LV-2327,,,,,,,,-137205.650,102100.144,2.028,,1,1.000,4,,2-2,,False,,,0,1               ,0,0,0,False,False,False,,,,,
294,LV-2328,,,,,,,,-137206.349,102099.952,2.180,,1,1.000,4,,2-2,,False,,,0,1               ,0,0,0,False,False,False,,,,,
295,LV-2329,,,,,,,,-137205.565,102096.265,2.173,,1,1.000,4,,2-2,,False,,,0,1               ,0,0,0,False,False,False,,,,,
296,LV-2330,,,,,,,,-137205.964,102095.525,1.971,,1,1.000,4,,2-2,,False,,,0,1               ,0,0,0,False,False,False,,,,,
297,LV-2331,,,,,,,,-137206.315,102094.809,2.175,,1,1.000,4,,2-2,,False,,,0,1               ,0,0,0,False,False,False,,,,,
298,LV-2332,,,,,,,,-137207.040,102094.030,2.225,,1,1.000,4,,2-2,,False,,,0,1               ,0,0,0,False,False,False,,,,,
299,LV-2333,,,,,,,,-137205.926,102093.684,2.035,,1,1.000,4,,2-2,,False,,,0,1               ,0,0,0,False,False,False,,,,,
300,LV-2334,,,,,,,,-137206.085,102093.604,2.014,,1,1.000,4,,2-2,,False,,,0,1               ,0,0,0,False,False,False,,,,,
301,LV-2335,,,,,,,,-137207.152,102092.057,2.012,,1,1.000,4,,2-2,,False,,,0,1               ,0,0,0,False,False,False,,,,,
302,LV-2336,,,,,,,,-137206.983,102092.180,1.944,,1,1.000,4,,2-2,,False,,,0,1               ,0,0,0,False,False,False,,,,,
303,LV-2337,,,,,,,,-137206.645,102092.164,2.037,,1,1.000,4,,2-2,,False,,,0,1               ,0,0,0,False,False,False,,,,,
304,LV-2338,,,,,,,,-137206.250,102091.899,2.126,,1,1.000,4,,2-2,,False,,,0,1               ,0,0,0,False,False,False,,,,,
305,LV-2339,,,,,,,,-137205.942,102091.368,2.042,,1,1.000,4,,2-2,,False,,,0,1               ,0,0,0,False,False,False,,,,,
306,LV-2340,,,,,,,,-137206.531,102091.063,1.897,,1,1.000,4,,2-2,,False,,,0,1               ,0,0,0,False,False,False,,,,,
307,LV-2341,,,,,,,,-137206.741,102090.741,1.950,,1,1.000,4,,2-2,,False,,,0,1               ,0,0,0,False,False,False,,,,,
308,LV-2342,,,,,,,,-137207.066,102091.165,1.970,,1,1.000,4,,2-2,,False,,,0,1               ,0,0,0,False,False,False,,,,,
309,LV-2343,,,,,,,,-137207.456,102090.877,1.960,,1,1.000,4,,2-2,,False,,,0,1               ,0,0,0,False,False,False,,,,,
310,LV-2344,,,,,,,,-137207.304,102090.499,2.003,,1,1.000,4,,2-2,,False,,,0,1               ,0,0,0,False,False,False,,,,,
311,LV-2345,,,,,,,,-137191.672,102092.039,1.643,,1,1.000,4,,2-2,,False,,,0,1               ,0,0,0,False,False,False,,,,,
312,LV-2346,,,,,,,,-137195.198,102094.677,1.646,,1,1.000,4,,2-2,,False,,,0,1               ,0,0,0,False,False,False,,,,,
313,LV-2347,,,,,,,,-137200.065,102098.169,1.775,,1,1.000,4,,2-2,,False,,,0,1               ,0,0,0,False,False,False,,,,,
314,LV-2348,,,,,,,,-137203.918,102100.944,1.934,,1,1.000,4,,2-2,,False,,,0,1               ,0,0,0,False,False,False,,,,,
315,LV-2349,,,,,,,,-137204.946,102094.522,2.065,,1,1.000,4,,2-2,,False,,,0,1               ,0,0,0,False,False,False,,,,,
316,LV-2350,,,,,,,,-137204.376,102094.381,2.040,,1,1.000,4,,2-2,,False,,,0,1               ,0,0,0,False,False,False,,,,,
317,LV-2351,,,,,,,,-137204.397,102094.887,2.098,,1,1.000,4,,2-2,,False,,,0,1               ,0,0,0,False,False,False,,,,,
318,LV-2352,,,,,,,,-137204.717,102095.216,2.003,,1,1.000,4,,2-2,,False,,,0,1               ,0,0,0,False,False,False,,,,,
319,LV-2353,,,,,,,,-137204.474,102096.279,1.947,,1,1.000,4,,2-2,,False,,,0,1               ,0,0,0,False,False,False,,,,,
320,LV-2354,,,,,,,,-137204.570,102096.714,2.088,,1,1.000,4,,2-2,,False,,,0,1               ,0,0,0,False,False,False,,,,,
321,LV-2355,,,,,,,,-137202.773,102096.081,2.351,,1,1.000,4,,2-2,,False,,,0,1               ,0,0,0,False,False,False,,,,,
322,LV-2356,,,,,,,,-137200.479,102095.469,2.082,,1,1.000,4,,2-2,,False,,,0,1               ,0,0,0,False,False,False,,,,,
323,LV-2357,,,,,,,,-137197.577,102094.933,2.038,,1,1.000,4,,2-2,,False,,,0,1               ,0,0,0,False,False,False,,,,,
324,LV-2358,,,,,,,,-137202.450,102095.903,2.142,,1,1.000,4,,2-2,,False,,,0,1               ,0,0,0,False,False,False,,,,,
325,LV-2359,,,,,,,,-137202.483,102094.893,1.927,,1,1.000,4,,2-2,,False,,,0,1               ,0,0,0,False,False,False,,,,,
326,LV-2360,,,,,,,,-137202.335,102094.159,1.840,,1,1.000,4,,2-2,,False,,,0,1               ,0,0,0,False,False,False,,,,,
327,LV-2361,,,,,,,,-137202.559,102093.753,2.100,,1,1.000,4,,2-2,,False,,,0,1               ,0,0,0,False,False,False,,,,,
328,LV-2362,,,,,,,,-137203.251,102093.088,1.988,,1,1.000,4,,2-2,,False,,,0,1               ,0,0,0,False,False,False,,,,,
329,LV-2363,,,,,,,,-137202.858,102093.041,1.879,,1,1.000,4,,2-2,,False,,,0,1               ,0,0,0,False,False,False,,,,,
330,LV-2364,,,,,,,,-137204.144,102091.972,1.987,,1,1.000,4,,2-2,,False,,,0,1               ,0,0,0,False,False,False,,,,,
331,LV-2365,,,,,,,,-137204.603,102091.288,2.064,,1,1.000,4,,2-2,,False,,,0,1               ,0,0,0,False,False,False,,,,,
332,LV-2366,,,,,,,,-137204.571,102091.122,2.074,,1,1.000,4,,2-2,,False,,,0,1               ,0,0,0,False,False,False,,,,,
333,LV-2367,,,,,,,,-137205.026,102091.245,1.879,,1,1.000,4,,2-2,,False,,,0,1               ,0,0,0,False,False,False,,,,,
334,LV-2368,,,,,,,,-137204.923,102090.857,2.013,,1,1.000,4,,2-2,,False,,,0,1               ,0,0,0,False,False,False,,,,,
335,LV-2369,,,,,,,,-137205.627,102090.438,1.873,,1,1.000,4,,2-2,,False,,,0,1               ,0,0,0,False,False,False,,,,,
336,LV-2370,,,,,,,,-137205.386,102090.187,1.982,,1,1.000,4,,2-2,,False,,,0,1               ,0,0,0,False,False,False,,,,,
337,LV-2371,,,,,,,,-137205.554,102090.089,1.996,,1,1.000,4,,2-2,,False,,,0,1               ,0,0,0,False,False,False,,,,,
338,LV-2372,,,,,,,,-137206.052,102090.098,2.023,,1,1.000,4,,2-2,,False,,,0,1               ,0,0,0,False,False,False,,,,,
339,LV-2373,,,,,,,,-137205.944,102089.610,1.874,,1,1.000,4,,2-2,,False,,,0,1               ,0,0,0,False,False,False,,,,,
340,LV-2374,,,,,,,,-137207.106,102089.932,1.982,,1,1.000,4,,2-2,,False,,,0,1               ,0,0,0,False,False,False,,,,,
341,LV-2375,,,,,,,,-137207.373,102089.672,1.888,,1,1.000,4,,2-2,,False,,,0,1               ,0,0,0,False,False,False,,,,,
342,LV-2376,,,,,,,,-137206.985,102089.042,2.066,,1,1.000,4,,2-2,,False,,,0,1               ,0,0,0,False,False,False,,,,,
343,LV-2377,,,,,,,,-137207.595,102089.060,2.085,,1,1.000,4,,2-2,,False,,,0,1               ,0,0,0,False,False,False,,,,,
344,LV-2378,,,,,,,,-137207.336,102088.930,2.025,,1,1.000,4,,2-2,,False,,,0,1               ,0,0,0,False,False,False,,,,,
345,LV-2379,,,,,,,,-137207.527,102087.473,2.129,,1,1.000,4,,2-2,,False,,,0,1               ,0,0,0,False,False,False,,,,,
346,LV-2380,,,,,,,,-137207.491,102087.067,1.922,,1,1.000,4,,2-2,,False,,,0,1               ,0,0,0,False,False,False,,,,,
347,LV-2381,,,,,,,,-137205.378,102085.020,2.036,,1,1.000,4,,2-2,,False,,,0,1               ,0,0,0,False,False,False,,,,,
348,LV-2382,,,,,,,,-137207.059,102086.024,1.975,,1,1.000,4,,2-2,,False,,,0,1               ,0,0,0,False,False,False,,,,,
349,LV-2383,,,,,,,,-137206.503,102087.031,2.086,,1,1.000,4,,2-2,,False,,,0,1               ,0,0,0,False,False,False,,,,,
350,LV-2384,,,,,,,,-137206.767,102086.523,1.987,,1,1.000,4,,2-2,,False,,,0,1               ,0,0,0,False,False,False,,,,,
351,LV-2385,,,,,,,,-137206.484,102086.685,2.097,,1,1.000,4,,2-2,,False,,,0,1               ,0,0,0,False,False,False,,,,,
352,LV-2386,,,,,,,,-137203.584,102089.826,2.100,,1,1.000,4,,2-2,,False,,,0,1               ,0,0,0,False,False,False,,,,,
353,LV-2387,,,,,,,,-137204.244,102089.346,2.022,,1,1.000,4,,2-2,,False,,,0,1               ,0,0,0,False,False,False,,,,,
354,LV-2388,,,,,,,,-137204.918,102088.593,2.051,,1,1.000,4,,2-2,,False,,,0,1               ,0,0,0,False,False,False,,,,,
355,LV-2389,,,,,,,,-137204.559,102089.357,2.001,,1,1.000,4,,2-2,,False,,,0,1               ,0,0,0,False,False,False,,,,,
356,LV-2390,,,,,,,,-137204.935,102089.564,1.909,,1,1.000,4,,2-2,,False,,,0,1               ,0,0,0,False,False,False,,,,,
357,LV-2391,,,,,,,,-137205.047,102089.738,1.945,,1,1.000,4,,2-2,,False,,,0,1               ,0,0,0,False,False,False,,,,,
358,LV-2392,,,,,,,,-137205.305,102089.002,1.952,,1,1.000,4,,2-2,,False,,,0,1               ,0,0,0,False,False,False,,,,,
359,LV-2393,,,,,,,,-137205.470,102088.196,1.991,,1,1.000,4,,2-2,,False,,,0,1               ,0,0,0,False,False,False,,,,,
360,LV-2394,,,,,,,,-137205.792,102087.739,1.903,,1,1.000,4,,2-2,,False,,,0,1               ,0,0,0,False,False,False,,,,,
361,LV-2395,,,,,,,,-137206.088,102085.652,1.984,,1,1.000,4,,2-2,,False,,,0,1               ,0,0,0,False,False,False,,,,,
362,LV-2396,,,,,,,,-137205.825,102086.278,2.030,,1,1.000,4,,2-2,,False,,,0,1               ,0,0,0,False,False,False,,,,,
363,LV-2397,,,,,,,,-137205.205,102086.345,1.943,,1,1.000,4,,2-2,,False,,,0,1               ,0,0,0,False,False,False,,,,,
364,LV-2398,,,,,,,,-137205.227,102086.747,2.007,,1,1.000,4,,2-2,,False,,,0,1               ,0,0,0,False,False,False,,,,,
365,LV-2399,,,,,,,,-137204.619,102086.720,2.154,,1,1.000,4,,2-2,,False,,,0,1               ,0,0,0,False,False,False,,,,,
366,LV-2400,,,,,,,,-137204.202,102087.400,2.102,,1,1.000,4,,2-2,,False,,,0,1               ,0,0,0,False,False,False,,,,,
367,LV-2401,,,,,,,,-137203.716,102087.978,2.033,,1,1.000,4,,2-2,,False,,,0,1               ,0,0,0,False,False,False,,,,,
368,LV-2402,,,,,,,,-137203.696,102087.584,2.053,,1,1.000,4,,2-2,,False,,,0,1               ,0,0,0,False,False,False,,,,,
369,LV-2403,,,,,,,,-137203.267,102087.597,2.039,,1,1.000,4,,2-2,,False,,,0,1               ,0,0,0,False,False,False,,,,,
370,LV-2404,,,,,,,,-137203.965,102086.405,2.033,,1,1.000,4,,2-2,,False,,,0,1               ,0,0,0,False,False,False,,,,,
371,LV-2405,,,,,,,,-137203.797,102085.587,1.975,,1,1.000,4,,2-2,,False,,,0,1               ,0,0,0,False,False,False,,,,,
372,LV-2406,,,,,,,,-137202.978,102084.676,1.997,,1,1.000,4,,2-2,,False,,,0,1               ,0,0,0,False,False,False,,,,,
373,LV-2407,,,,,,,,-137202.362,102086.519,2.023,,1,1.000,4,,2-2,,False,,,0,1               ,0,0,0,False,False,False,,,,,
374,LV-2408,,,,,,,,-137197.709,102085.078,1.963,,1,1.000,4,,2-2,,False,,,0,1               ,0,0,0,False,False,False,,,,,
375,LV-2409,,,,,,,,-137197.269,102084.760,1.936,,1,1.000,4,,2-2,,False,,,0,1               ,0,0,0,False,False,False,,,,,
376,LV-2410,,,,,,,,-137196.953,102083.627,1.908,,1,1.000,4,,2-2,,False,,,0,1               ,0,0,0,False,False,False,,,,,
377,LV-2411,,,,,,,,-137196.430,102083.821,1.897,,1,1.000,4,,2-2,,False,,,0,1               ,0,0,0,False,False,False,,,,,
378,LV-2412,,,,,,,,-137194.916,102083.394,1.874,,1,1.000,4,,2-2,,False,,,0,1               ,0,0,0,False,False,False,,,,,
379,LV-2413,,,,,,,,-137194.526,102084.552,2.153,,1,1.000,4,,2-2,,False,,,0,1               ,0,0,0,False,False,False,,,,,
380,LV-2414,,,,,,,,-137192.833,102084.120,2.185,,1,1.000,4,,2-2,,False,,,0,1               ,0,0,0,False,False,False,,,,,
381,LV-2415,,,,,,,,-137193.236,102085.649,2.203,,1,1.000,4,,2-2,,False,,,0,1               ,0,0,0,False,False,False,,,,,
382,LV-2416,,,,,,,,-137194.640,102085.836,2.200,,1,1.000,4,,2-2,,False,,,0,1               ,0,0,0,False,False,False,,,,,
383,LV-2417,,,,,,,,-137194.311,102085.178,2.063,,1,1.000,4,,2-2,,False,,,0,1               ,0,0,0,False,False,False,,,,,
384,LV-2418,,,,,,,,-137193.534,102084.698,2.192,,1,1.000,4,,2-2,,False,,,0,1               ,0,0,0,False,False,False,,,,,
385,LV-2419,,,,,,,,-137192.469,102081.617,2.117,,1,1.000,4,,2-2,,False,,,0,1               ,0,0,0,False,False,False,,,,,
386,LV-2420,,,,,,,,-137193.435,102082.088,1.903,,1,1.000,4,,2-2,,False,,,0,1               ,0,0,0,False,False,False,,,,,
387,LV-2421,,,,,,,,-137195.325,102082.624,2.112,,1,1.000,4,,2-2,,False,,,0,1               ,0,0,0,False,False,False,,,,,
388,LV-2422,,,,,,,,-137197.398,102081.700,2.129,,1,1.000,4,,2-2,,False,,,0,1               ,0,0,0,False,False,False,,,,,
389,LV-2423,,,,,,,,-137197.345,102081.199,2.091,,1,1.000,4,,2-2,,False,,,0,1               ,0,0,0,False,False,False,,,,,
390,LV-2424,,,,,,,,-137200.910,102083.111,1.902,,1,1.000,4,,2-2,,False,,,0,1               ,0,0,0,False,False,False,,,,,
391,LV-2425,,,,,,,,-137199.055,102083.496,2.094,,1,1.000,4,,2-2,,False,,,0,1               ,0,0,0,False,False,False,,,,,
392,LV-2426,,,,,,,,-137201.226,102092.057,2.101,,1,1.000,4,,2-2,,False,,,0,1               ,0,0,0,False,False,False,,,,,
393,LV-2427,,,,,,,,-137201.183,102090.490,2.009,,1,1.000,4,,2-2,,False,,,0,1               ,0,0,0,False,False,False,,,,,
394,LV-2428,,,,,,,,-137199.959,102090.634,1.994,,1,1.000,4,,2-2,,False,,,0,1               ,0,0,0,False,False,False,,,,,
395,LV-2429,,,,,,,,-137200.118,102090.423,1.981,,1,1.000,4,,2-2,,False,,,0,1               ,0,0,0,False,False,False,,,,,
396,LV-2430,,,,,,,,-137200.684,102088.977,1.989,,1,1.000,4,,2-2,,False,,,0,1               ,0,0,0,False,False,False,,,,,
397,LV-2431,,,,,,,,-137200.829,102087.641,1.628,,1,1.000,4,,2-2,,False,,,0,1               ,0,0,0,False,False,False,,,,,
398,LV-2432,,,,,,,,-137199.913,102088.309,2.058,,1,1.000,4,,2-2,,False,,,0,1               ,0,0,0,False,False,False,,,,,
399,LV-2433,,,,,,,,-137199.629,102086.997,1.993,,1,1.000,4,,2-2,,False,,,0,1               ,0,0,0,False,False,False,,,,,
400,LV-2434,,,,,,,,-137199.649,102087.698,2.113,,1,1.000,4,,2-2,,False,,,0,1               ,0,0,0,False,False,False,,,,,
401,LV-2435,,,,,,,,-137199.538,102087.349,2.018,,1,1.000,4,,2-2,,False,,,0,1               ,0,0,0,False,False,False,,,,,
402,LV-2436,,,,,,,,-137199.216,102087.593,2.015,,1,1.000,4,,2-2,,False,,,0,1               ,0,0,0,False,False,False,,,,,
403,LV-2437,,,,,,,,-137201.248,102087.145,2.043,,1,1.000,4,,2-2,,False,,,0,1               ,0,0,0,False,False,False,,,,,
404,LV-2438,,,,,,,,-137199.276,102090.545,1.990,,1,1.000,4,,2-2,,False,,,0,1               ,0,0,0,False,False,False,,,,,
405,LV-2439,,,,,,,,-137198.993,102091.253,1.929,,1,1.000,4,,2-2,,False,,,0,1               ,0,0,0,False,False,False,,,,,
406,LV-2440,,,,,,,,-137198.762,102090.447,2.074,,1,1.000,4,,2-2,,False,,,0,1               ,0,0,0,False,False,False,,,,,
407,LV-2441,,,,,,,,-137196.334,102092.109,2.021,,1,1.000,4,,2-2,,False,,,0,1               ,0,0,0,False,False,False,,,,,
408,LV-2442,,,,,,,,-137196.847,102091.907,2.020,,1,1.000,4,,2-2,,False,,,0,1               ,0,0,0,False,False,False,,,,,
409,LV-2443,,,,,,,,-137196.799,102090.660,2.027,,1,1.000,4,,2-2,,False,,,0,1               ,0,0,0,False,False,False,,,,,
410,LV-2444,,,,,,,,-137197.151,102090.664,2.003,,1,1.000,4,,2-2,,False,,,0,1               ,0,0,0,False,False,False,,,,,
411,LV-2445,,,,,,,,-137197.985,102091.015,1.918,,1,1.000,4,,2-2,,False,,,0,1               ,0,0,0,False,False,False,,,,,
412,LV-2446,,,,,,,,-137198.255,102089.849,1.945,,1,1.000,4,,2-2,,False,,,0,1               ,0,0,0,False,False,False,,,,,
413,LV-2447,,,,,,,,-137197.453,102090.079,1.931,,1,1.000,4,,2-2,,False,,,0,1               ,0,0,0,False,False,False,,,,,
414,LV-2448,,,,,,,,-137197.563,102089.525,1.922,,1,1.000,4,,2-2,,False,,,0,1               ,0,0,0,False,False,False,,,,,
415,LV-2449,,,,,,,,-137197.160,102089.180,1.938,,1,1.000,4,,2-2,,False,,,0,1               ,0,0,0,False,False,False,,,,,
416,LV-2450,,,,,,,,-137196.914,102088.956,1.915,,1,1.000,4,,2-2,,False,,,0,1               ,0,0,0,False,False,False,,,,,
417,LV-2451,,,,,,,,-137198.165,102087.879,1.999,,1,1.000,4,,2-2,,False,,,0,1               ,0,0,0,False,False,False,,,,,
418,LV-2452,,,,,,,,-137197.869,102087.239,1.772,,1,1.000,4,,2-2,,False,,,0,1               ,0,0,0,False,False,False,,,,,
419,LV-2453,,,,,,,,-137197.200,102087.690,2.051,,1,1.000,4,,2-2,,False,,,0,1               ,0,0,0,False,False,False,,,,,
420,LV-2454,,,,,,,,-137196.358,102088.636,2.098,,1,1.000,4,,2-2,,False,,,0,1               ,0,0,0,False,False,False,,,,,
421,LV-2455,,,,,,,,-137196.398,102088.155,1.932,,1,1.000,4,,2-2,,False,,,0,1               ,0,0,0,False,False,False,,,,,
422,LV-2456,,,,,,,,-137196.722,102087.182,1.965,,1,1.000,4,,2-2,,False,,,0,1               ,0,0,0,False,False,False,,,,,
423,LV-2457,,,,,,,,-137196.000,102087.031,1.997,,1,1.000,4,,2-2,,False,,,0,1               ,0,0,0,False,False,False,,,,,
424,LV-2458,,,,,,,,-137195.449,102087.572,2.016,,1,1.000,4,,2-2,,False,,,0,1               ,0,0,0,False,False,False,,,,,
425,LV-2459,,,,,,,,-137195.525,102088.109,1.914,,1,1.000,4,,2-2,,False,,,0,1               ,0,0,0,False,False,False,,,,,
426,LV-2460,,,,,,,,-137195.130,102088.920,2.032,,1,1.000,4,,2-2,,False,,,0,1               ,0,0,0,False,False,False,,,,,
427,LV-2461,,,,,,,,-137195.058,102092.538,2.008,,1,1.000,4,,2-2,,False,,,0,1               ,0,0,0,False,False,False,,,,,
428,LV-2462,,,,,,,,-137194.963,102091.940,1.981,,1,1.000,4,,2-2,,False,,,0,1               ,0,0,0,False,False,False,,,,,
429,LV-2463,,,,,,,,-137194.842,102091.709,1.949,,1,1.000,4,,2-2,,False,,,0,1               ,0,0,0,False,False,False,,,,,
430,LV-2464,,,,,,,,-137195.262,102089.849,2.125,,1,1.000,4,,2-2,,False,,,0,1               ,0,0,0,False,False,False,,,,,
431,LV-2465,,,,,,,,-137194.338,102090.753,2.040,,1,1.000,4,,2-2,,False,,,0,1               ,0,0,0,False,False,False,,,,,
432,LV-2466,,,,,,,,-137194.010,102090.877,2.086,,1,1.000,4,,2-2,,False,,,0,1               ,0,0,0,False,False,False,,,,,
433,LV-2467,,,,,,,,-137194.126,102089.302,1.982,,1,1.000,4,,2-2,,False,,,0,1               ,0,0,0,False,False,False,,,,,
434,LV-2468,,,,,,,,-137194.235,102088.109,2.016,,1,1.000,4,,2-2,,False,,,0,1               ,0,0,0,False,False,False,,,,,
435,LV-2469,,,,,,,,-137193.687,102087.468,2.001,,1,1.000,4,,2-2,,False,,,0,1               ,0,0,0,False,False,False,,,,,
436,LV-2470,,,,,,,,-137193.613,102086.603,1.969,,1,1.000,4,,2-2,,False,,,0,1               ,0,0,0,False,False,False,,,,,
437,LV-2471,,,,,,,,-137193.227,102087.370,2.198,,1,1.000,4,,2-2,,False,,,0,1               ,0,0,0,False,False,False,,,,,
438,LV-2472,,,,,,,,-137193.580,102089.454,2.201,,1,1.000,4,,2-2,,False,,,0,1               ,0,0,0,False,False,False,,,,,
439,LV-2473,,,,,,,,-137193.277,102091.033,2.210,,1,1.000,4,,2-2,,False,,,0,1               ,0,0,0,False,False,False,,,,,
440,LV-2474,,,,,,,,-137192.439,102089.351,2.012,,1,1.000,4,,2-2,,False,,,0,1               ,0,0,0,False,False,False,,,,,
441,LV-2475,,,,,,,,-137188.961,102087.455,2.113,,1,1.000,4,,2-2,,False,,,0,1               ,0,0,0,False,False,False,,,,,
442,LV-2476,,,,,,,,-137189.780,102088.540,1.964,,1,1.000,4,,2-2,,False,,,0,1               ,0,0,0,False,False,False,,,,,
443,LV-2477,,,,,,,,-137190.626,102089.003,2.057,,1,1.000,4,,2-2,,False,,,0,1               ,0,0,0,False,False,False,,,,,
444,LV-2478,,,,,,,,-137191.825,102088.989,1.990,,1,1.000,4,,2-2,,False,,,0,1               ,0,0,0,False,False,False,,,,,
445,LV-2479,,,,,,,,-137192.348,102088.233,2.022,,1,1.000,4,,2-2,,False,,,0,1               ,0,0,0,False,False,False,,,,,
446,LV-2480,,,,,,,,-137192.471,102086.011,2.013,,1,1.000,4,,2-2,,False,,,0,1               ,0,0,0,False,False,False,,,,,
447,LV-2481,,,,,,,,-137191.153,102085.131,2.059,,1,1.000,4,,2-2,,False,,,0,1               ,0,0,0,False,False,False,,,,,
448,LV-2482,,,,,,,,-137189.815,102083.647,1.914,,1,1.000,4,,2-2,,False,,,0,1               ,0,0,0,False,False,False,,,,,
449,LV-2483,,,,,,,,-137189.322,102082.088,2.031,,1,1.000,4,,2-2,,False,,,0,1               ,0,0,0,False,False,False,,,,,
450,LV-2484,,,,,,,,-137191.047,102081.817,1.963,,1,1.000,4,,2-2,,False,,,0,1               ,0,0,0,False,False,False,,,,,
451,LV-2485,,,,,,,,-137189.184,102081.232,2.051,,1,1.000,4,,2-2,,False,,,0,1               ,0,0,0,False,False,False,,,,,
452,LV-2486,,,,,,,,-137187.620,102083.446,2.090,,1,1.000,4,,2-2,,False,,,0,1               ,0,0,0,False,False,False,,,,,
453,LV-2487,,,,,,,,-137187.717,102085.841,2.017,,1,1.000,4,,2-2,,False,,,0,1               ,0,0,0,False,False,False,,,,,
454,LV-2488,,,,,,,,-137187.725,102086.887,2.125,,1,1.000,4,,2-2,,False,,,0,1               ,0,0,0,False,False,False,,,,,
455,LV-2489,,,,,,,,-137186.453,102083.666,2.036,,1,1.000,4,,2-2,,False,,,0,1               ,0,0,0,False,False,False,,,,,
456,LV-2490,,,,,,,,-137185.790,102082.598,2.017,,1,1.000,4,,2-2,,False,,,0,1               ,0,0,0,False,False,False,,,,,
457,LV-2491,,,,,,,,-137184.908,102081.284,1.927,,1,1.000,4,,2-2,,False,,,0,1               ,0,0,0,False,False,False,,,,,
458,LV-2492,,,,,,,,-137169.997,102092.662,2.334,,1,1.000,4,,2-2,,False,,,0,1               ,0,0,0,False,False,False,,,,,
459,LV-2493,,,,,,,,-137170.347,102093.208,2.294,,1,1.000,4,,2-2,,False,,,0,1               ,0,0,0,False,False,False,,,,,
460,LV-2494,,,,,,,,-137168.168,102087.562,2.112,,1,1.000,4,,2-2,,False,,,0,1               ,0,0,0,False,False,False,,,,,
461,LV-2495,,,,,,,,-137167.997,102085.683,2.163,,1,1.000,4,,2-2,,False,,,0,1               ,0,0,0,False,False,False,,,,,
462,LV-2496,,,,,,,,-137168.578,102086.803,2.142,,1,1.000,4,,2-2,,False,,,0,1               ,0,0,0,False,False,False,,,,,
463,LV-2497,,,,,,,,-137169.267,102085.438,2.193,,1,1.000,4,,2-2,,False,,,0,1               ,0,0,0,False,False,False,,,,,
464,LV-2498,,,,,,,,-137169.101,102086.119,2.157,,1,1.000,4,,2-2,,False,,,0,1               ,0,0,0,False,False,False,,,,,
465,LV-2499,,,,,,,,-137169.589,102087.176,2.247,,1,1.000,4,,2-2,,False,,,0,1               ,0,0,0,False,False,False,,,,,
466,LV-2500,,,,,,,,-137169.427,102086.435,2.051,,1,1.000,4,,2-2,,False,,,0,1               ,0,0,0,False,False,False,,,,,
467,LV-2501,,,,,,,,-137173.300,102086.463,2.312,,1,1.000,4,,2-2,,False,,,0,1               ,0,0,0,False,False,False,,,,,
468,LV-2502,,,,,,,,-137174.355,102086.742,2.030,,1,1.000,4,,2-2,,False,,,0,1               ,0,0,0,False,False,False,,,,,
469,LV-2503,,,,,,,,-137174.563,102085.686,2.175,,1,1.000,4,,2-2,,False,,,0,1               ,0,0,0,False,False,False,,,,,
470,LV-2504,,,,,,,,-137177.338,102081.750,2.209,,1,1.000,4,,2-2,,False,,,0,1               ,0,0,0,False,False,False,,,,,
471,LV-2505,,,,,,,,-137173.575,102089.322,2.023,,1,1.000,4,,2-2,,False,,,0,1               ,0,0,0,False,False,False,,,,,
472,LV-2506,,,,,,,,-137175.045,102090.817,2.038,,1,1.000,4,,2-2,,False,,,0,1               ,0,0,0,False,False,False,,,,,
473,LV-2507,,,,,,,,-137175.684,102090.909,2.030,,1,1.000,4,,2-2,,False,,,0,1               ,0,0,0,False,False,False,,,,,
474,LV-2508,,,,,,,,-137175.827,102090.036,2.046,,1,1.000,4,,2-2,,False,,,0,1               ,0,0,0,False,False,False,,,,,
475,LV-2509,,,,,,,,-137176.747,102089.635,2.018,,1,1.000,4,,2-2,,False,,,0,1               ,0,0,0,False,False,False,,,,,
476,LV-2510,,,,,,,,-137182.125,102090.635,2.179,,1,1.000,4,,2-2,,False,,,0,1               ,0,0,0,False,False,False,,,,,
477,LV-2511,,,,,,,,-137180.489,102090.463,1.990,,1,1.000,4,,2-2,,False,,,0,1               ,0,0,0,False,False,False,,,,,
478,LV-2512,,,,,,,,-137181.911,102088.219,2.037,,1,1.000,4,,2-2,,False,,,0,1               ,0,0,0,False,False,False,,,,,
479,LV-2513,,,,,,,,-137179.617,102088.516,2.059,,1,1.000,4,,2-2,,False,,,0,1               ,0,0,0,False,False,False,,,,,
480,LV-2514,,,,,,,,-137184.300,102084.099,1.931,,1,1.000,4,,2-2,,False,,,0,1               ,0,0,0,False,False,False,,,,,
481,LV-2515,,,,,,,,-137180.908,102087.271,2.056,,1,1.000,4,,2-2,,False,,,0,1               ,0,0,0,False,False,False,,,,,
482,LV-2516,,,,,,,,-137182.584,102085.552,1.170,,1,1.000,4,,2-2,,False,,,0,1               ,0,0,0,False,False,False,,,,,
483,LV-2517,,,,,,,,-137184.830,102089.268,1.569,,1,1.000,4,,2-2,,False,,,0,1               ,0,0,0,False,False,False,,,,,
484,LV-2518,,,,,,,,-137185.749,102088.526,1.372,,1,1.000,4,,2-2,,False,,,0,1               ,0,0,0,False,False,False,,,,,
485,LV-2519,,,,,,,,-137189.534,102094.468,1.750,,1,1.000,4,,2-2,,False,,,0,1               ,0,0,0,False,False,False,,,,,
486,LV-2520,,,,,,,,-137190.595,102092.993,1.144,,1,1.000,4,,2-2,,False,,,0,1               ,0,0,0,False,False,False,,,,,
487,LV-2521,,,,,,,,-137194.268,102096.091,1.223,,1,1.000,4,,2-2,,False,,,0,1               ,0,0,0,False,False,False,,,,,
488,LV-2522,,,,,,,,-137198.849,102099.898,1.569,,1,1.000,4,,2-2,,False,,,0,1               ,0,0,0,False,False,False,,,,,
489,LV-2523,,,,,,,,-137202.672,102102.895,1.435,,1,1.000,4,,2-2,,False,,,0,1               ,0,0,0,False,False,False,,,,,
490,LV-2524,,,,,,,,-137206.376,102106.600,1.587,,1,1.000,4,,2-2,,False,,,0,1               ,0,0,0,False,False,False,,,,,
491,LV-2525,,,,,,,,-137194.209,102103.225,2.022,,1,1.000,4,,2-2,,False,,,0,1               ,0,0,0,False,False,False,,,,,
492,LV-2526,,,,,,,,-137192.469,102102.926,2.064,,1,1.000,4,,2-2,,False,,,0,1               ,0,0,0,False,False,False,,,,,
493,LV-2527,,,,,,,,-137193.008,102103.399,2.050,,1,1.000,4,,2-2,,False,,,0,1               ,0,0,0,False,False,False,,,,,
494,LV-2528,,,,,,,,-137191.552,102101.749,1.937,,1,1.000,4,,2-2,,False,,,0,1               ,0,0,0,False,False,False,,,,,
495,LV-2529,,,,,,,,-137190.948,102102.880,2.068,,1,1.000,4,,2-2,,False,,,0,1               ,0,0,0,False,False,False,,,,,
496,LV-2530,,,,,,,,-137191.544,102099.599,1.928,,1,1.000,4,,2-2,,False,,,0,1               ,0,0,0,False,False,False,,,,,
497,LV-2531,,,,,,,,-137192.337,102099.112,2.064,,1,1.000,4,,2-2,,False,,,0,1               ,0,0,0,False,False,False,,,,,
498,LV-2532,,,,,,,,-137189.523,102097.524,2.084,,1,1.000,4,,2-2,,False,,,0,1               ,0,0,0,False,False,False,,,,,
499,LV-2533,,,,,,,,-137187.097,102095.278,2.003,,1,1.000,4,,2-2,,False,,,0,1               ,0,0,0,False,False,False,,,,,
500,LV-2534,,,,,,,,-137185.743,102095.242,2.142,,1,1.000,4,,2-2,,False,,,0,1               ,0,0,0,False,False,False,,,,,
501,LV-2535,,,,,,,,-137185.491,102095.254,2.155,,1,1.000,4,,2-2,,False,,,0,1               ,0,0,0,False,False,False,,,,,
502,LV-2536,,,,,,,,-137187.563,102104.863,1.977,,1,1.000,4,,2-2,,False,,,0,1               ,0,0,0,False,False,False,,,,,
503,LV-2537,,,,,,,,-137187.187,102102.473,1.901,,1,1.000,4,,2-2,,False,,,0,1               ,0,0,0,False,False,False,,,,,
504,LV-2538,,,,,,,,-137186.221,102100.959,2.117,,1,1.000,4,,2-2,,False,,,0,1               ,0,0,0,False,False,False,,,,,
505,LV-2539,,,,,,,,-137186.334,102103.252,2.253,,1,1.000,4,,2-2,,False,,,0,1               ,0,0,0,False,False,False,,,,,
506,LV-2540,,,,,,,,-137185.730,102102.204,2.319,,1,1.000,4,,2-2,,False,,,0,1               ,0,0,0,False,False,False,,,,,
507,LV-2541,,,,,,,,-137184.592,102100.978,2.311,,1,1.000,4,,2-2,,False,,,0,1               ,0,0,0,False,False,False,,,,,
508,LV-2542,,,,,,,,-137184.380,102099.843,2.344,,1,1.000,4,,2-2,,False,,,0,1               ,0,0,0,False,False,False,,,,,
509,LV-2543,,,,,,,,-137185.035,102100.628,2.301,,1,1.000,4,,2-2,,False,,,0,1               ,0,0,0,False,False,False,,,,,
510,LV-2544,,,,,,,,-137184.205,102100.095,2.035,,1,1.000,4,,2-2,,False,,,0,1               ,0,0,0,False,False,False,,,,,
511,LV-2545,,,,,,,,-137184.279,102101.566,2.049,,1,1.000,4,,2-2,,False,,,0,1               ,0,0,0,False,False,False,,,,,
512,LV-2546,,,,,,,,-137184.174,102101.804,2.087,,1,1.000,4,,2-2,,False,,,0,1               ,0,0,0,False,False,False,,,,,
513,LV-2547,,,,,,,,-137183.837,102104.583,2.144,,1,1.000,4,,2-2,,False,,,0,1               ,0,0,0,False,False,False,,,,,
514,LV-2548,,,,,,,,-137183.713,102104.170,2.066,,1,1.000,4,,2-2,,False,,,0,1               ,0,0,0,False,False,False,,,,,
515,LV-2549,,,,,,,,-137182.275,102104.707,2.115,,1,1.000,4,,2-2,,False,,,0,1               ,0,0,0,False,False,False,,,,,
516,LV-2550,,,,,,,,-137182.215,102104.045,2.055,,1,1.000,4,,2-2,,False,,,0,1               ,0,0,0,False,False,False,,,,,
517,LV-2551,,,,,,,,-137183.066,102103.179,2.133,,1,1.000,4,,2-2,,False,,,0,1               ,0,0,0,False,False,False,,,,,
518,LV-2552,,,,,,,,-137182.318,102103.090,1.972,,1,1.000,4,,2-2,,False,,,0,1               ,0,0,0,False,False,False,,,,,
519,LV-2553,,,,,,,,-137182.950,102100.295,2.245,,1,1.000,4,,2-2,,False,,,0,1               ,0,0,0,False,False,False,,,,,
520,LV-2554,,,,,,,,-137182.838,102101.964,2.083,,1,1.000,4,,2-2,,False,,,0,1               ,0,0,0,False,False,False,,,,,
521,LV-2555,,,,,,,,-137182.101,102101.197,2.170,,1,1.000,4,,2-2,,False,,,0,1               ,0,0,0,False,False,False,,,,,
522,LV-2556,,,,,,,,-137181.316,102102.528,2.086,,1,1.000,4,,2-2,,False,,,0,1               ,0,0,0,False,False,False,,,,,
523,LV-2557,,,,,,,,-137181.467,102102.111,1.975,,1,1.000,4,,2-2,,False,,,0,1               ,0,0,0,False,False,False,,,,,
524,LV-2558,,,,,,,,-137181.617,102101.814,2.011,,1,1.000,4,,2-2,,False,,,0,1               ,0,0,0,False,False,False,,,,,
525,LV-2559,,,,,,,,-137181.067,102101.879,2.024,,1,1.000,4,,2-2,,False,,,0,1               ,0,0,0,False,False,False,,,,,
526,LV-2560,,,,,,,,-137181.389,102103.996,2.138,,1,1.000,4,,2-2,,False,,,0,1               ,0,0,0,False,False,False,,,,,
527,LV-2561,,,,,,,,-137181.170,102103.814,2.224,,1,1.000,4,,2-2,,False,,,0,1               ,0,0,0,False,False,False,,,,,
528,LV-2562,,,,,,,,-137180.805,102102.626,2.083,,1,1.000,4,,2-2,,False,,,0,1               ,0,0,0,False,False,False,,,,,
529,LV-2563,,,,,,,,-137180.620,102103.295,2.105,,1,1.000,4,,2-2,,False,,,0,1               ,0,0,0,False,False,False,,,,,
530,LV-2564,,,,,,,,-137180.145,102104.846,2.184,,1,1.000,4,,2-2,,False,,,0,1               ,0,0,0,False,False,False,,,,,
531,LV-2565,,,,,,,,-137179.814,102103.777,2.160,,1,1.000,4,,2-2,,False,,,0,1               ,0,0,0,False,False,False,,,,,
532,LV-2566,,,,,,,,-137179.818,102104.608,2.133,,1,1.000,4,,2-2,,False,,,0,1               ,0,0,0,False,False,False,,,,,
533,LV-2567,,,,,,,,-137179.554,102104.399,2.113,,1,1.000,4,,2-2,,False,,,0,1               ,0,0,0,False,False,False,,,,,
534,LV-2568,,,,,,,,-137178.413,102103.454,2.172,,1,1.000,4,,2-2,,False,,,0,1               ,0,0,0,False,False,False,,,,,
535,LV-2569,,,,,,,,-137177.962,102104.532,2.299,,1,1.000,4,,2-2,,False,,,0,1               ,0,0,0,False,False,False,,,,,
536,LV-2570,,,,,,,,-137177.700,102103.502,2.153,,1,1.000,4,,2-2,,False,,,0,1               ,0,0,0,False,False,False,,,,,
537,LV-2571,,,,,,,,-137177.388,102103.414,2.141,,1,1.000,4,,2-2,,False,,,0,1               ,0,0,0,False,False,False,,,,,
538,LV-2572,,,,,,,,-137177.600,102101.287,2.286,,1,1.000,4,,2-2,,False,,,0,1               ,0,0,0,False,False,False,,,,,
539,LV-2573,,,,,,,,-137177.952,102102.385,2.039,,1,1.000,4,,2-2,,False,,,0,1               ,0,0,0,False,False,False,,,,,
540,LV-2574,,,,,,,,-137180.075,102101.959,1.996,,1,1.000,4,,2-2,,False,,,0,1               ,0,0,0,False,False,False,,,,,
541,LV-2575,,,,,,,,-137179.896,102100.803,2.113,,1,1.000,4,,2-2,,False,,,0,1               ,0,0,0,False,False,False,,,,,
542,LV-2576,,,,,,,,-137180.584,102099.828,2.176,,1,1.000,4,,2-2,,False,,,0,1               ,0,0,0,False,False,False,,,,,
543,LV-2577,,,,,,,,-137179.835,102100.112,2.140,,1,1.000,4,,2-2,,False,,,0,1               ,0,0,0,False,False,False,,,,,
544,LV-2578,,,,,,,,-137180.356,102097.568,2.355,,1,1.000,4,,2-2,,False,,,0,1               ,0,0,0,False,False,False,,,,,
545,LV-2579,,,,,,,,-137179.834,102098.386,2.122,,1,1.000,4,,2-2,,False,,,0,1               ,0,0,0,False,False,False,,,,,
546,LV-2580,,,,,,,,-137179.069,102098.206,2.304,,1,1.000,4,,2-2,,False,,,0,1               ,0,0,0,False,False,False,,,,,
547,LV-2581,,,,,,,,-137177.552,102098.512,2.316,,1,1.000,4,,2-2,,False,,,0,1               ,0,0,0,False,False,False,,,,,
548,LV-2582,,,,,,,,-137177.405,102099.076,2.195,,1,1.000,4,,2-2,,False,,,0,1               ,0,0,0,False,False,False,,,,,
549,LV-2583,,,,,,,,-137177.267,102097.861,2.253,,1,1.000,4,,2-2,,False,,,0,1               ,0,0,0,False,False,False,,,,,
550,LV-2584,,,,,,,,-137182.289,102090.992,2.137,,1,1.000,4,,2-2,,False,,,0,1               ,0,0,0,False,False,False,,,,,
551,LV-2585,,,,,,,,-137179.902,102092.900,1.985,,1,1.000,4,,2-2,,False,,,0,1               ,0,0,0,False,False,False,,,,,
552,LV-2586,,,,,,,,-137178.625,102093.208,1.979,,1,1.000,4,,2-2,,False,,,0,1               ,0,0,0,False,False,False,,,,,
553,LV-2587,,,,,,,,-137174.348,102095.767,2.085,,1,1.000,4,,2-2,,False,,,0,1               ,0,0,0,False,False,False,,,,,
554,LV-2588,,,,,,,,-137174.979,102096.445,2.216,,1,1.000,4,,2-2,,False,,,0,1               ,0,0,0,False,False,False,,,,,
555,LV-2589,,,,,,,,-137170.802,102100.021,2.321,,1,1.000,4,,2-2,,False,,,0,1               ,0,0,0,False,False,False,,,,,
556,LV-2590,,,,,,,,-137174.439,102099.605,2.316,,1,1.000,4,,2-2,,False,,,0,1               ,0,0,0,False,False,False,,,,,
557,LV-2591,,,,,,,,-137174.457,102099.346,2.295,,1,1.000,4,,2-2,,False,,,0,1               ,0,0,0,False,False,False,,,,,
558,LV-2592,,,,,,,,-137175.129,102099.428,2.318,,1,1.000,4,,2-2,,False,,,0,1               ,0,0,0,False,False,False,,,,,
559,LV-2593,,,,,,,,-137175.307,102098.051,2.073,,1,1.000,4,,2-2,,False,,,0,1               ,0,0,0,False,False,False,,,,,
560,LV-2594,,,,,,,,-137174.481,102098.095,2.219,,1,1.000,4,,2-2,,False,,,0,1               ,0,0,0,False,False,False,,,,,
561,LV-2595,,,,,,,,-137172.587,102098.791,2.061,,1,1.000,4,,2-2,,False,,,0,1               ,0,0,0,False,False,False,,,,,
562,LV-2596,,,,,,,,-137175.841,102095.540,2.157,,1,1.000,4,,2-2,,False,,,0,1               ,0,0,0,False,False,False,,,,,
563,LV-2597,,,,,,,,-137174.474,102097.028,2.120,,1,1.000,4,,2-2,,False,,,0,1               ,0,0,0,False,False,False,,,,,
564,LV-2598,,,,,,,,-137175.311,102094.341,2.245,,1,1.000,4,,2-2,,False,,,0,1               ,0,0,0,False,False,False,,,,,
565,LV-2599,,,,,,,,-137175.015,102093.528,2.202,,1,1.000,4,,2-2,,False,,,0,1               ,0,0,0,False,False,False,,,,,
566,LV-2600,,,,,,,,-137174.508,102094.301,1.918,,1,1.000,4,,2-2,,False,,,0,1               ,0,0,0,False,False,False,,,,,
567,LV-2601,,,,,,,,-137173.920,102094.100,2.293,,1,1.000,4,,2-2,,False,,,0,1               ,0,0,0,False,False,False,,,,,
568,LV-2602,,,,,,,,-137173.300,102097.116,2.204,,1,1.000,4,,2-2,,False,,,0,1               ,0,0,0,False,False,False,,,,,
569,LV-2603,,,,,,,,-137172.752,102096.511,2.208,,1,1.000,4,,2-2,,False,,,0,1               ,0,0,0,False,False,False,,,,,
570,LV-2604,,,,,,,,-137173.454,102091.978,2.148,,1,1.000,4,,2-2,,False,,,0,1               ,0,0,0,False,False,False,,,,,
571,LV-2605,,,,,,,,-137171.671,102093.409,2.171,,1,1.000,4,,2-2,,False,,,0,1               ,0,0,0,False,False,False,,,,,
572,LV-2606,,,,,,,,-137172.019,102092.313,2.161,,1,1.000,4,,2-2,,False,,,0,1               ,0,0,0,False,False,False,,,,,
573,LV-2607,,,,,,,,-137171.167,102092.077,2.066,,1,1.000,4,,2-2,,False,,,0,1               ,0,0,0,False,False,False,,,,,
574,LV-2608,,,,,,,,-137170.285,102092.287,2.147,,1,1.000,4,,2-2,,False,,,0,1               ,0,0,0,False,False,False,,,,,
575,LV-2609,,,,,,,,-137170.663,102095.226,2.205,,1,1.000,4,,2-2,,False,,,0,1               ,0,0,0,False,False,False,,,,,
576,LV-2610,,,,,,,,-137170.769,102096.509,2.281,,1,1.000,4,,2-2,,False,,,0,1               ,0,0,0,False,False,False,,,,,
577,LV-2611,,,,,,,,-137170.380,102096.069,2.313,,1,1.000,4,,2-2,,False,,,0,1               ,0,0,0,False,False,False,,,,,
578,LV-2612,,,,,,,,-137169.321,102097.499,2.306,,1,1.000,4,,2-2,,False,,,0,1               ,0,0,0,False,False,False,,,,,
579,LV-2613,,,,,,,,-137169.092,102098.039,2.192,,1,1.000,4,,2-2,,False,,,0,1               ,0,0,0,False,False,False,,,,,
580,LV-2614,,,,,,,,-137168.737,102099.715,2.266,,1,1.000,4,,2-2,,False,,,0,1               ,0,0,0,False,False,False,,,,,
581,LV-2615,,,,,,,,-137168.875,102098.963,2.230,,1,1.000,4,,2-2,,False,,,0,1               ,0,0,0,False,False,False,,,,,
582,LV-2616,,,,,,,,-137168.647,102098.479,2.233,,1,1.000,4,,2-2,,False,,,0,1               ,0,0,0,False,False,False,,,,,
583,LV-2617,,,,,,,,-137167.743,102097.548,2.081,,1,1.000,4,,2-2,,False,,,0,1               ,0,0,0,False,False,False,,,,,
584,LV-2618,,,,,,,,-137167.229,102098.720,2.292,,1,1.000,4,,2-2,,False,,,0,1               ,0,0,0,False,False,False,,,,,
585,LV-2619,,,,,,,,-137166.055,102097.713,2.057,,1,1.000,4,,2-2,,False,,,0,1               ,0,0,0,False,False,False,,,,,
586,LV-2620,,,,,,,,-137167.179,102096.601,2.169,,1,1.000,4,,2-2,,False,,,0,1               ,0,0,0,False,False,False,,,,,
587,LV-2621,,,,,,,,-137167.068,102096.770,2.104,,1,1.000,4,,2-2,,False,,,0,1               ,0,0,0,False,False,False,,,,,
588,LV-2622,,,,,,,,-137166.093,102096.546,2.107,,1,1.000,4,,2-2,,False,,,0,1               ,0,0,0,False,False,False,,,,,
589,LV-2623,,,,,,,,-137169.178,102090.076,2.026,,1,1.000,4,,2-2,,False,,,0,1               ,0,0,0,False,False,False,,,,,
590,LV-2624,,,,,,,,-137167.522,102090.865,2.411,,1,1.000,4,,2-2,,False,,,0,1               ,0,0,0,False,False,False,,,,,
591,LV-2625,,,,,,,,-137168.266,102092.523,2.320,,1,1.000,4,,2-2,,False,,,0,1               ,0,0,0,False,False,False,,,,,
592,LV-2626,,,,,,,,-137167.351,102092.351,2.131,,1,1.000,4,,2-2,,False,,,0,1               ,0,0,0,False,False,False,,,,,
593,LV-2627,,,,,,,,-137166.516,102092.859,2.130,,1,1.000,4,,2-2,,False,,,0,1               ,0,0,0,False,False,False,,,,,
594,LV-2628,,,,,,,,-137165.915,102091.783,2.225,,1,1.000,4,,2-2,,False,,,0,1               ,0,0,0,False,False,False,,,,,
595,LV-2629,,,,,,,,-137166.208,102089.984,2.196,,1,1.000,4,,2-2,,False,,,0,1               ,0,0,0,False,False,False,,,,,
596,LV-2630,,,,,,,,-137166.401,102084.709,2.029,,1,1.000,4,,2-2,,False,,,0,1               ,0,0,0,False,False,False,,,,,
597,LV-2631,,,,,,,,-137166.625,102085.724,2.122,,1,1.000,4,,2-2,,False,,,0,1               ,0,0,0,False,False,False,,,,,
598,LV-2632,,,,,,,,-137166.253,102085.691,2.001,,1,1.000,4,,2-2,,False,,,0,1               ,0,0,0,False,False,False,,,,,
599,LV-2633,,,,,,,,-137166.008,102085.876,2.092,,1,1.000,4,,2-2,,False,,,0,1               ,0,0,0,False,False,False,,,,,
600,LV-2634,,,,,,,,-137164.465,102086.865,2.238,,1,1.000,4,,2-2,,False,,,0,1               ,0,0,0,False,False,False,,,,,
601,LV-2635,,,,,,,,-137164.552,102090.050,2.144,,1,1.000,4,,2-2,,False,,,0,1               ,0,0,0,False,False,False,,,,,
602,LV-2636,,,,,,,,-137160.859,102085.352,2.157,,1,1.000,4,,2-2,,False,,,0,1               ,0,0,0,False,False,False,,,,,
603,LV-2637,,,,,,,,-137162.127,102088.246,2.167,,1,1.000,4,,2-2,,False,,,0,1               ,0,0,0,False,False,False,,,,,
604,LV-2638,,,,,,,,-137161.899,102088.303,2.172,,1,1.000,4,,2-2,,False,,,0,1               ,0,0,0,False,False,False,,,,,
605,LV-2639,,,,,,,,-137162.793,102097.339,1.719,,1,1.000,4,,2-2,,False,,,0,1               ,0,0,0,False,False,False,,,,,
606,LV-2640,,,,,,,,-137161.830,102092.881,1.855,,1,1.000,4,,2-2,,False,,,0,1               ,0,0,0,False,False,False,,,,,
607,LV-2641,,,,,,,,-137162.587,102092.885,2.317,,1,1.000,4,,2-2,,False,,,0,1               ,0,0,0,False,False,False,,,,,
608,LV-2642,,,,,,,,-137163.538,102094.373,1.980,,1,1.000,4,,2-2,,False,,,0,1               ,0,0,0,False,False,False,,,,,
609,LV-2643,,,,,,,,-137167.085,102101.424,2.549,,1,1.000,4,,2-2,,False,,,0,1               ,0,0,0,False,False,False,,,,,
610,LV-2644,,,,,,,,-137164.375,102105.667,1.502,,1,1.000,4,,2-2,,False,,,0,1               ,0,0,0,False,False,False,,,,,
611,LV-2645,,,,,,,,-137159.481,102086.147,1.563,,1,1.000,4,,2-2,,False,,,0,1               ,0,0,0,False,False,False,,,,,
612,LV-2646,,,,,,,,-137160.011,102088.100,1.495,,1,1.000,4,,2-2,,False,,,0,1               ,0,0,0,False,False,False,,,,,
613,LV-2647,,,,,,,,-137160.328,102089.758,1.541,,1,1.000,4,,2-2,,False,,,0,1               ,0,0,0,False,False,False,,,,,
614,LV-2648,,,,,,,,-137161.057,102092.957,1.560,,1,1.000,4,,2-2,,False,,,0,1               ,0,0,0,False,False,False,,,,,
615,LV-2649,,,,,,,,-137162.126,102097.556,1.566,,1,1.000,4,,2-2,,False,,,0,1               ,0,0,0,False,False,False,,,,,
616,LV-2650,,,,,,,,-137163.574,102101.623,1.564,,1,1.000,4,,2-2,,False,,,0,1               ,0,0,0,False,False,False,,,,,
617,LV-2651,,,,,,,,-137165.575,102107.254,1.395,,1,1.000,4,,2-2,,False,,,0,1               ,0,0,0,False,False,False,,,,,
618,LV-2652,,,,,,,,-137164.007,102107.258,0.875,,1,1.000,4,,2-2,,False,,,0,1               ,0,0,0,False,False,False,,,,,
619,LV-2653,,,,,,,,-137157.168,102106.307,1.813,,1,1.000,4,,2-2,,False,,,0,1               ,0,0,0,False,False,False,,,,,
620,LV-2654,,,,,,,,-137156.166,102104.895,1.792,,1,1.000,4,,2-2,,False,,,0,1               ,0,0,0,False,False,False,,,,,
621,LV-2655,,,,,,,,-137156.224,102103.183,1.803,,1,1.000,4,,2-2,,False,,,0,1               ,0,0,0,False,False,False,,,,,
622,LV-2656,,,,,,,,-137204.830,102086.768,1.856,,1,1.000,4,,2-2,,False,,,0,1               ,0,0,0,False,False,False,,,,,
623,LV-2657,,,,,,,,-137202.244,102088.042,1.958,,1,1.000,4,,2-2,,False,,,0,1               ,0,0,0,False,False,False,,,,,
624,LV-2658,,,,,,,,-137197.767,102090.318,1.918,,1,1.000,4,,2-2,,False,,,0,1               ,0,0,0,False,False,False,,,,,
625,LV-2659,,,,,,,,-137197.985,102090.007,2.016,,1,1.000,4,,2-2,,False,,,0,1               ,0,0,0,False,False,False,,,,,
626,LV-2660,,,,,,,,-137199.229,102089.740,2.016,,1,1.000,4,,2-2,,False,,,0,1               ,0,0,0,False,False,False,,,,,
627,LV-2661,,,,,,,,-137197.664,102085.303,1.965,,1,1.000,4,,2-2,,False,,,0,1               ,0,0,0,False,False,False,,,,,
628,LV-2662,,,,,,,,-137194.933,102101.373,1.998,,1,1.000,4,,2-2,,False,,,0,1               ,0,0,0,False,False,False,,,,,
629,LV-2663,,,,,,,,-137193.971,102099.744,2.013,,1,1.000,4,,2-2,,False,,,0,1               ,0,0,0,False,False,False,,,,,
630,LV-2664,,,,,,,,-137192.504,102101.981,2.073,,1,1.000,4,,2-2,,False,,,0,1               ,0,0,0,False,False,False,,,,,
631,LV-2665,,,,,,,,-137192.227,102101.709,2.106,,1,1.000,4,,2-2,,False,,,0,1               ,0,0,0,False,False,False,,,,,
632,LV-2666,,,,,,,,-137192.117,102099.941,2.112,,1,1.000,4,,2-2,,False,,,0,1               ,0,0,0,False,False,False,,,,,
633,LV-2667,,,,,,,,-137188.716,102099.370,2.004,,1,1.000,4,,2-2,,False,,,0,1               ,0,0,0,False,False,False,,,,,
634,LV-2668,,,,,,,,-137187.715,102099.306,2.121,,1,1.000,4,,2-2,,False,,,0,1               ,0,0,0,False,False,False,,,,,
635,LV-2669,,,,,,,,-137186.654,102098.757,2.039,,1,1.000,4,,2-2,,False,,,0,1               ,0,0,0,False,False,False,,,,,
636,LV-2670,,,,,,,,-137181.997,102102.465,2.162,,1,1.000,4,,2-2,,False,,,0,1               ,0,0,0,False,False,False,,,,,
637,LV-2671,,,,,,,,-137162.694,102090.646,2.002,,1,1.000,4,,2-2,,False,,,0,1               ,0,0,0,False,False,False,,,,,
638,LV-2672,,,,,,,,-137164.033,102092.392,2.052,,1,1.000,4,,2-2,,False,,,0,1               ,0,0,0,False,False,False,,,,,
639,LV-2673,,,,,,,,-137164.062,102091.434,2.013,,1,1.000,4,,2-2,,False,,,0,1               ,0,0,0,False,False,False,,,,,
640,LV-2674,,,,,,,,-137176.078,102082.327,1.967,,1,1.000,4,,2-2,,False,,,0,1               ,0,0,0,False,False,False,,,,,
641,LV-2675,,,,,,,,-137175.793,102082.544,1.985,,1,1.000,4,,2-2,,False,,,0,1               ,0,0,0,False,False,False,,,,,
642,LV-2676,,,,,,,,-137177.675,102086.238,2.019,,1,1.000,4,,2-2,,False,,,0,1               ,0,0,0,False,False,False,,,,,
643,LV-2677,,,,,,,,-137183.766,102102.243,2.025,,1,1.000,4,,2-2,,False,,,0,1               ,0,0,0,False,False,False,,,,,
644,LV-2678,,,,,,,,-137183.553,102101.885,2.158,,1,1.000,4,,2-2,,False,,,0,1               ,0,0,0,False,False,False,,,,,
645,LV-2679,,,,,,,,-137182.373,102101.890,2.087,,1,1.000,4,,2-2,,False,,,0,1               ,0,0,0,False,False,False,,,,,
646,LV-2680,,,,,,,,-137182.730,102103.081,2.144,,1,1.000,4,,2-2,,False,,,0,1               ,0,0,0,False,False,False,,,,,
647,LV-2681,,,,,,,,-137182.459,102103.156,2.131,,1,1.000,4,,2-2,,False,,,0,1               ,0,0,0,False,False,False,,,,,
648,LV-2682,,,,,,,,-137182.164,102102.879,2.126,,1,1.000,4,,2-2,,False,,,0,1               ,0,0,0,False,False,False,,,,,
649,LV-2683,,,,,,,,-137176.955,102098.983,2.083,,1,1.000,4,,2-2,,False,,,0,1               ,0,0,0,False,False,False,,,,,
650,LV-2684,,,,,,,,-137172.125,102096.846,2.265,,1,1.000,4,,2-2,,False,,,0,1               ,0,0,0,False,False,False,,,,,
651,LV-2685,,,,,,,,-137172.203,102096.364,2.208,,1,1.000,4,,2-2,,False,,,0,1               ,0,0,0,False,False,False,,,,,
652,LV-2686,,,,,,,,-137171.324,102096.186,2.265,,1,1.000,4,,2-2,,False,,,0,1               ,0,0,0,False,False,False,,,,,
653,LV-2687,,,,,,,,-137170.765,102094.167,2.218,,1,1.000,4,,2-2,,False,,,0,1               ,0,0,0,False,False,False,,,,,
654,LV-2688,,,,,,,,-137169.287,102096.645,2.179,,1,1.000,4,,2-2,,False,,,0,1               ,0,0,0,False,False,False,,,,,
655,LV-2689,,,,,,,,-137168.899,102094.930,2.061,,1,1.000,4,,2-2,,False,,,0,1               ,0,0,0,False,False,False,,,,,
656,LV-2690,,,,,,,,-137168.301,102095.497,2.209,,1,1.000,4,,2-2,,False,,,0,1               ,0,0,0,False,False,False,,,,,
657,LV-2691,,,,,,,,-137167.120,102095.724,2.131,,1,1.000,4,,2-2,,False,,,0,1               ,0,0,0,False,False,False,,,,,
658,LV-2692,,,,,,,,-137167.511,102094.461,2.156,,1,1.000,4,,2-2,,False,,,0,1               ,0,0,0,False,False,False,,,,,
659,LV-2693,,,,,,,,-137167.415,102093.614,2.044,,1,1.000,4,,2-2,,False,,,0,1               ,0,0,0,False,False,False,,,,,
660,LV-2694,,,,,,,,-137167.124,102089.557,1.986,,1,1.000,4,,2-2,,False,,,0,1               ,0,0,0,False,False,False,,,,,
661,LV-2695,,,,,,,,-137167.090,102087.659,1.921,,1,1.000,4,,2-2,,False,,,0,1               ,0,0,0,False,False,False,,,,,
662,LV-2696,,,,,,,,-137164.903,102084.857,2.010,,1,1.000,4,,2-2,,False,,,0,1               ,0,0,0,False,False,False,,,,,
663,LV-2697,,,,,,,,-137164.250,102099.470,2.092,,1,1.000,4,,2-2,,False,,,0,1               ,0,0,0,False,False,False,,,,,
664,LV-2698,,,,,,,,-137163.955,102098.938,2.150,,1,1.000,4,,2-2,,False,,,0,1               ,0,0,0,False,False,False,,,,,
665,LV-2699,,,,,,,,-137162.420,102086.216,1.819,,1,1.000,4,,2-2,,False,,,0,1               ,0,0,0,False,False,False,,,,,
666,LV-2700,,,,,,,,-137158.676,102130.368,1.508,,1,1.000,4,,2-2,,False,,,0,1               ,0,0,0,False,False,False,,,,,
667,LV-2701,,,,,,,,-137158.021,102128.465,1.488,,1,1.000,4,,2-2,,False,,,0,1               ,0,0,0,False,False,False,,,,,
668,LV-2702,,,,,,,,-137157.389,102126.110,1.631,,1,1.000,4,,2-2,,False,,,0,1               ,0,0,0,False,False,False,,,,,
669,LV-2703,,,,,,,,-137159.995,102132.885,1.811,,1,1.000,4,,2-2,,False,,,0,1               ,0,0,0,False,False,False,,,,,
670,LV-2704,,,,,,,,-137161.078,102132.861,1.969,,1,1.000,4,,2-2,,False,,,0,1               ,0,0,0,False,False,False,,,,,
671,LV-2705,,,,,,,,-137158.827,102120.181,2.210,,1,1.000,4,,2-2,,False,,,0,1               ,0,0,0,False,False,False,,,,,
672,LV-2706,,,,,,,,-137159.231,102122.492,2.175,,1,1.000,4,,2-2,,False,,,0,1               ,0,0,0,False,False,False,,,,,
673,LV-2707,,,,,,,,-137160.142,102126.300,2.253,,1,1.000,4,,2-2,,False,,,0,1               ,0,0,0,False,False,False,,,,,
674,LV-2708,,,,,,,,-137161.817,102127.007,2.240,,1,1.000,4,,2-2,,False,,,0,1               ,0,0,0,False,False,False,,,,,
675,LV-2709,,,,,,,,-137161.263,102124.756,2.178,,1,1.000,4,,2-2,,False,,,0,1               ,0,0,0,False,False,False,,,,,
676,LV-2710,,,,,,,,-137161.169,102122.936,2.182,,1,1.000,4,,2-2,,False,,,0,1               ,0,0,0,False,False,False,,,,,
677,LV-2711,,,,,,,,-137182.502,102122.201,1.822,,1,1.000,4,,2-2,,False,,,0,1               ,0,0,0,False,False,False,,,,,
678,LV-2712,,,,,,,,-137181.609,102124.483,1.906,,1,1.000,4,,2-2,,False,,,0,1               ,0,0,0,False,False,False,,,,,
679,LV-2713,,,,,,,,-137181.431,102126.421,2.059,,1,1.000,4,,2-2,,False,,,0,1               ,0,0,0,False,False,False,,,,,
680,LV-2714,,,,,,,,-137181.298,102129.164,2.106,,1,1.000,4,,2-2,,False,,,0,1               ,0,0,0,False,False,False,,,,,
681,LV-2715,,,,,,,,-137181.300,102132.435,2.081,,1,1.000,4,,2-2,,False,,,0,1               ,0,0,0,False,False,False,,,,,
682,LV-2716,,,,,,,,-137176.409,102124.938,1.242,,1,1.000,4,,2-2,,False,,,0,1               ,0,0,0,False,False,False,,,,,
683,LV-2717,,,,,,,,-137167.456,102131.978,2.093,,1,1.000,4,,2-2,,False,,,0,1               ,0,0,0,False,False,False,,,,,
684,LV-2718,,,,,,,,-137167.297,102133.006,2.102,,1,1.000,4,,2-2,,False,,,0,1               ,0,0,0,False,False,False,,,,,
685,LV-2719,,,,,,,,-137167.531,102131.097,2.073,,1,1.000,4,,2-2,,False,,,0,1               ,0,0,0,False,False,False,,,,,
686,LV-2720,,,,,,,,-137167.682,102129.468,2.027,,1,1.000,4,,2-2,,False,,,0,1               ,0,0,0,False,False,False,,,,,
687,LV-2721,,,,,,,,-137167.666,102128.554,1.991,,1,1.000,4,,2-2,,False,,,0,1               ,0,0,0,False,False,False,,,,,
688,LV-2722,,,,,,,,-137167.889,102123.883,1.906,,1,1.000,4,,2-2,,False,,,0,1               ,0,0,0,False,False,False,,,,,
689,LV-2723,,,,,,,,-137167.912,102122.846,1.927,,1,1.000,4,,2-2,,False,,,0,1               ,0,0,0,False,False,False,,,,,
690,LV-2724,,,,,,,,-137167.724,102121.183,1.967,,1,1.000,4,,2-2,,False,,,0,1               ,0,0,0,False,False,False,,,,,
691,LV-2725,,,,,,,,-137168.320,102126.745,1.624,,1,1.000,4,,2-2,,False,,,0,1               ,0,0,0,False,False,False,,,,,
692,LV-2726,,,,,,,,-137167.805,102125.023,1.692,,1,1.000,4,,2-2,,False,,,0,1               ,0,0,0,False,False,False,,,,,
693,LV-2727,,,,,,,,-137169.178,102121.740,1.866,,1,1.000,4,,2-2,,False,,,0,1               ,0,0,0,False,False,False,,,,,
694,LV-2728,,,,,,,,-137169.408,102122.874,1.800,,1,1.000,4,,2-2,,False,,,0,1               ,0,0,0,False,False,False,,,,,
695,LV-2729,,,,,,,,-137170.087,102125.175,1.878,,1,1.000,4,,2-2,,False,,,0,1               ,0,0,0,False,False,False,,,,,
696,LV-2730,,,,,,,,-137170.508,102126.785,1.919,,1,1.000,4,,2-2,,False,,,0,1               ,0,0,0,False,False,False,,,,,
697,LV-2731,,,,,,,,-137171.091,102129.098,1.903,,1,1.000,4,,2-2,,False,,,0,1               ,0,0,0,False,False,False,,,,,
698,LV-2732,,,,,,,,-137171.470,102131.153,1.934,,1,1.000,4,,2-2,,False,,,0,1               ,0,0,0,False,False,False,,,,,
699,LV-2733,,,,,,,,-137171.624,102132.734,1.955,,1,1.000,4,,2-2,,False,,,0,1               ,0,0,0,False,False,False,,,,,
700,LV-2734,,,,,,,,-137170.811,102115.601,2.475,,1,1.000,4,,2-2,,False,,,0,1               ,0,0,0,False,False,False,,,,,
701,LV-2735,,,,,,,,-137174.174,102110.991,2.490,,1,1.000,4,,2-2,,False,,,0,1               ,0,0,0,False,False,False,,,,,
702,LV-2736,,,,,,,,-137184.534,102116.476,2.410,,1,1.000,4,,2-2,,False,,,0,1               ,0,0,0,False,False,False,,,,,
703,LV-2737,,,,,,,,-137189.773,102114.731,2.388,,1,1.000,4,,2-2,,False,,,0,1               ,0,0,0,False,False,False,,,,,
704,LV-2738,,,,,,,,-137190.761,102110.791,2.423,,1,1.000,4,,2-2,,False,,,0,1               ,0,0,0,False,False,False,,,,,
705,LV-2739,,,,,,,,-137191.131,102119.526,2.392,,1,1.000,4,,2-2,,False,,,0,1               ,0,0,0,False,False,False,,,,,
706,LV-2740,,,,,,,,-137191.215,102121.575,2.375,,1,1.000,4,,2-2,,False,,,0,1               ,0,0,0,False,False,False,,,,,
707,LV-2741,,,,,,,,-137191.309,102123.455,2.360,,1,1.000,4,,2-2,,False,,,0,1               ,0,0,0,False,False,False,,,,,
708,LV-2742,,,,,,,,-137191.449,102126.681,2.426,,1,1.000,4,,2-2,,False,,,0,1               ,0,0,0,False,False,False,,,,,
709,LV-2743,,,,,,,,-137191.601,102129.042,2.401,,1,1.000,4,,2-2,,False,,,0,1               ,0,0,0,False,False,False,,,,,
710,LV-2744,,,,,,,,-137188.956,102132.962,2.365,,1,1.000,4,,2-2,,False,,,0,1               ,0,0,0,False,False,False,,,,,
711,LV-2745,,,,,,,,-137188.547,102130.858,2.208,,1,1.000,4,,2-2,,False,,,0,1               ,0,0,0,False,False,False,,,,,
712,LV-2746,,,,,,,,-137187.745,102126.272,2.396,,1,1.000,4,,2-2,,False,,,0,1               ,0,0,0,False,False,False,,,,,
713,LV-2747,,,,,,,,-137186.659,102122.955,2.350,,1,1.000,4,,2-2,,False,,,0,1               ,0,0,0,False,False,False,,,,,
714,LV-2748,,,,,,,,-137185.225,102128.289,2.214,,1,1.000,4,,2-2,,False,,,0,1               ,0,0,0,False,False,False,,,,,
715,LV-2749,,,,,,,,-137186.314,102132.997,2.402,,1,1.000,4,,2-2,,False,,,0,1               ,0,0,0,False,False,False,,,,,
716,LV-2750,,,,,,,,-137185.308,102131.535,2.433,,1,1.000,4,,2-2,,False,,,0,1               ,0,0,0,False,False,False,,,,,
717,LV-2751,,,,,,,,-137183.559,102133.073,2.427,,1,1.000,4,,2-2,,False,,,0,1               ,0,0,0,False,False,False,,,,,
718,LV-2752,,,,,,,,-137180.775,102131.312,2.367,,1,1.000,4,,2-2,,False,,,0,1               ,0,0,0,False,False,False,,,,,
719,LV-2753,,,,,,,,-137178.538,102122.898,2.104,,1,1.000,4,,2-2,,False,,,0,1               ,0,0,0,False,False,False,,,,,
720,LV-2754,,,,,,,,-137180.606,102121.873,2.110,,1,1.000,4,,2-2,,False,,,0,1               ,0,0,0,False,False,False,,,,,
721,LV-2755,,,,,,,,-137181.439,102110.983,2.330,,1,1.000,4,,2-2,,False,,,0,1               ,0,0,0,False,False,False,,,,,
722,LV-2756,,,,,,,,-137178.616,102111.000,2.319,,1,1.000,4,,2-2,,False,,,0,1               ,0,0,0,False,False,False,,,,,
723,LV-2757,,,,,,,,-137171.510,102117.151,2.458,,1,1.000,4,,2-2,,False,,,0,1               ,0,0,0,False,False,False,,,,,
724,LV-2758,,,,,,,,-137174.138,102115.506,2.499,,1,1.000,4,,2-2,,False,,,0,1               ,0,0,0,False,False,False,,,,,
725,LV-2759,,,,,,,,-137174.976,102117.519,2.449,,1,1.000,4,,2-2,,False,,,0,1               ,0,0,0,False,False,False,,,,,
726,LV-2760,,,,,,,,-137184.780,102124.514,2.204,,1,1.000,4,,2-2,,False,,,0,1               ,0,0,0,False,False,False,,,,,
727,LV-2761,,,,,,,,-137181.832,102118.441,2.117,,1,1.000,4,,2-2,,False,,,0,1               ,0,0,0,False,False,False,,,,,
728,LV-2762,,,,,,,,-137171.700,102118.647,2.027,,1,1.000,4,,2-2,,False,,,0,1               ,0,0,0,False,False,False,,,,,
729,LV-2763,,,,,,,,-137174.680,102120.421,2.296,,1,1.000,4,,2-2,,False,,,0,1               ,0,0,0,False,False,False,,,,,
730,LV-2764,,,,,,,,-137173.569,102117.122,2.130,,1,1.000,4,,2-2,,False,,,0,1               ,0,0,0,False,False,False,,,,,
731,LV-2765,,,,,,,,-137177.871,102118.113,2.111,,1,1.000,4,,2-2,,False,,,0,1               ,0,0,0,False,False,False,,,,,
732,LV-2766,,,,,,,,-137178.666,102121.172,2.096,,1,1.000,4,,2-2,,False,,,0,1               ,0,0,0,False,False,False,,,,,
733,LV-2767,,,,,,,,-137178.493,102124.824,2.027,,1,1.000,4,,2-2,,False,,,0,1               ,0,0,0,False,False,False,,,,,
734,LV-2768,,,,,,,,-137177.869,102124.709,1.838,,1,1.000,4,,2-2,,False,,,0,1               ,0,0,0,False,False,False,,,,,
735,LV-2769,,,,,,,,-137180.274,102124.586,2.143,,1,1.000,4,,2-2,,False,,,0,1               ,0,0,0,False,False,False,,,,,
736,LV-2770,,,,,,,,-137179.726,102124.497,2.092,,1,1.000,4,,2-2,,False,,,0,1               ,0,0,0,False,False,False,,,,,
737,LV-2771,,,,,,,,-137179.616,102124.727,2.046,,1,1.000,4,,2-2,,False,,,0,1               ,0,0,0,False,False,False,,,,,
738,LV-2772,,,,,,,,-137182.738,102130.772,2.081,,1,1.000,4,,2-2,,False,,,0,1               ,0,0,0,False,False,False,,,,,
739,LV-2773,,,,,,,,-137183.960,102127.798,2.196,,1,1.000,4,,2-2,,False,,,0,1               ,0,0,0,False,False,False,,,,,
740,LV-2774,,,,,,,,-137183.466,102117.326,2.033,,1,1.000,4,,2-2,,False,,,0,1               ,0,0,0,False,False,False,,,,,
741,LV-2775,,,,,,,,-137183.120,102117.602,2.107,,1,1.000,4,,2-2,,False,,,0,1               ,0,0,0,False,False,False,,,,,
742,LV-2776,,,,,,,,-137183.253,102118.233,2.107,,1,1.000,4,,2-2,,False,,,0,1               ,0,0,0,False,False,False,,,,,
743,LV-2777,,,,,,,,-137186.427,102114.933,2.192,,1,1.000,4,,2-2,,False,,,0,1               ,0,0,0,False,False,False,,,,,
744,LV-2778,,,,,,,,-137185.519,102114.011,2.228,,1,1.000,4,,2-2,,False,,,0,1               ,0,0,0,False,False,False,,,,,
745,LV-2779,,,,,,,,-137183.660,102111.701,2.248,,1,1.000,4,,2-2,,False,,,0,1               ,0,0,0,False,False,False,,,,,
746,LV-2780,,,,,,,,-137183.878,102113.359,2.143,,1,1.000,4,,2-2,,False,,,0,1               ,0,0,0,False,False,False,,,,,
747,LV-2781,,,,,,,,-137184.814,102112.400,2.134,,1,1.000,4,,2-2,,False,,,0,1               ,0,0,0,False,False,False,,,,,
748,LV-2782,,,,,,,,-137184.558,102112.610,2.246,,1,1.000,4,,2-2,,False,,,0,1               ,0,0,0,False,False,False,,,,,
749,LV-2783,,,,,,,,-137185.305,102117.796,2.176,,1,1.000,4,,2-2,,False,,,0,1               ,0,0,0,False,False,False,,,,,
750,LV-2784,,,,,,,,-137184.117,102118.486,2.110,,1,1.000,4,,2-2,,False,,,0,1               ,0,0,0,False,False,False,,,,,
751,LV-2785,,,,,,,,-137184.173,102119.754,2.133,,1,1.000,4,,2-2,,False,,,0,1               ,0,0,0,False,False,False,,,,,
752,LV-2786,,,,,,,,-137183.324,102121.370,2.166,,1,1.000,4,,2-2,,False,,,0,1               ,0,0,0,False,False,False,,,,,
753,LV-2787,,,,,,,,-137187.265,102121.378,2.082,,1,1.000,4,,2-2,,False,,,0,1               ,0,0,0,False,False,False,,,,,
754,LV-2788,,,,,,,,-137187.683,102118.053,2.100,,1,1.000,4,,2-2,,False,,,0,1               ,0,0,0,False,False,False,,,,,
755,LV-2789,,,,,,,,-137188.026,102117.305,1.978,,1,1.000,4,,2-2,,False,,,0,1               ,0,0,0,False,False,False,,,,,
756,LV-2790,,,,,,,,-137187.301,102112.929,2.188,,1,1.000,4,,2-2,,False,,,0,1               ,0,0,0,False,False,False,,,,,
757,LV-2791,,,,,,,,-137188.700,102111.952,2.234,,1,1.000,4,,2-2,,False,,,0,1               ,0,0,0,False,False,False,,,,,
758,LV-2792,,,,,,,,-137190.965,102116.500,2.082,,1,1.000,4,,2-2,,False,,,0,1               ,0,0,0,False,False,False,,,,,
759,LV-2793,,,,,,,,-137189.526,102119.779,2.221,,1,1.000,4,,2-2,,False,,,0,1               ,0,0,0,False,False,False,,,,,
760,LV-2794,,,,,,,,-137188.175,102120.530,2.192,,1,1.000,4,,2-2,,False,,,0,1               ,0,0,0,False,False,False,,,,,
761,LV-2795,,,,,,,,-137188.468,102121.319,2.003,,1,1.000,4,,2-2,,False,,,0,1               ,0,0,0,False,False,False,,,,,
762,LV-2796,,,,,,,,-137190.514,102121.693,1.963,,1,1.000,4,,2-2,,False,,,0,1               ,0,0,0,False,False,False,,,,,
763,LV-2797,,,,,,,,-137188.813,102124.027,2.240,,1,1.000,4,,2-2,,False,,,0,1               ,0,0,0,False,False,False,,,,,
764,LV-2798,,,,,,,,-137188.629,102124.552,2.116,,1,1.000,4,,2-2,,False,,,0,1               ,0,0,0,False,False,False,,,,,
765,LV-2799,,,,,,,,-137188.716,102125.108,2.155,,1,1.000,4,,2-2,,False,,,0,1               ,0,0,0,False,False,False,,,,,
766,LV-2800,,,,,,,,-137189.592,102127.097,2.191,,1,1.000,4,,2-2,,False,,,0,1               ,0,0,0,False,False,False,,,,,
767,LV-2801,,,,,,,,-137188.277,102127.416,2.183,,1,1.000,4,,2-2,,False,,,0,1               ,0,0,0,False,False,False,,,,,
768,LV-2802,,,,,,,,-137189.434,102129.640,1.850,,1,1.000,4,,2-2,,False,,,0,1               ,0,0,0,False,False,False,,,,,
769,LV-2803,,,,,,,,-137197.545,102130.263,2.012,,1,1.000,4,,2-2,,False,,,0,1               ,0,0,0,False,False,False,,,,,
770,LV-2804,,,,,,,,-137204.399,102121.150,2.072,,1,1.000,4,,2-2,,False,,,0,1               ,0,0,0,False,False,False,,,,,
771,LV-2805,,,,,,,,-137180.660,102129.272,2.091,,1,1.000,4,,2-2,,False,,,0,1               ,0,0,0,False,False,False,,,,,
772,LV-2806,,,,,,,,-137179.999,102129.057,2.137,,1,1.000,4,,2-2,,False,,,0,1               ,0,0,0,False,False,False,,,,,
773,LV-2807,,,,,,,,-137179.717,102128.925,2.190,,1,1.000,4,,2-2,,False,,,0,1               ,0,0,0,False,False,False,,,,,
774,LV-2808,,,,,,,,-137179.315,102127.521,2.136,,1,1.000,4,,2-2,,False,,,0,1               ,0,0,0,False,False,False,,,,,
775,LV-2809,,,,,,,,-137178.706,102126.977,2.147,,1,1.000,4,,2-2,,False,,,0,1               ,0,0,0,False,False,False,,,,,
776,LV-2810,,,,,,,,-137177.298,102114.775,1.614,,1,1.000,4,,2-2,,False,,,0,1               ,0,0,0,False,False,False,,,,,
777,LV-2811,,,,,,,,-137203.606,102131.221,2.192,,1,1.000,4,,2-2,,False,,,0,1               ,0,0,0,False,False,False,,,,,
778,LV-2812,,,,,,,,-137204.507,102132.920,2.280,,1,1.000,4,,2-2,,False,,,0,1               ,0,0,0,False,False,False,,,,,
779,LV-2813,,,,,,,,-137205.406,102129.679,2.059,,1,1.000,4,,2-2,,False,,,0,1               ,0,0,0,False,False,False,,,,,
780,LV-2814,,,,,,,,-137204.960,102129.485,2.065,,1,1.000,4,,2-2,,False,,,0,1               ,0,0,0,False,False,False,,,,,
781,LV-2815,,,,,,,,-137205.291,102128.269,2.046,,1,1.000,4,,2-2,,False,,,0,1               ,0,0,0,False,False,False,,,,,
782,LV-2816,,,,,,,,-137205.759,102126.577,1.978,,1,1.000,4,,2-2,,False,,,0,1               ,0,0,0,False,False,False,,,,,
783,LV-2817,,,,,,,,-137205.631,102126.247,1.966,,1,1.000,4,,2-2,,False,,,0,1               ,0,0,0,False,False,False,,,,,
784,LV-2818,,,,,,,,-137204.835,102126.170,1.731,,1,1.000,4,,2-2,,False,,,0,1               ,0,0,0,False,False,False,,,,,
785,LV-2819,,,,,,,,-137203.121,102128.375,1.992,,1,1.000,4,,2-2,,False,,,0,1               ,0,0,0,False,False,False,,,,,
786,LV-2820,,,,,,,,-137200.000,102117.353,1.966,,1,1.000,4,,2-2,,False,,,0,1               ,0,0,0,False,False,False,,,,,
787,LV-2821,,,,,,,,-137195.745,102116.950,1.854,,1,1.000,4,,2-2,,False,,,0,1               ,0,0,0,False,False,False,,,,,
788,LV-2822,,,,,,,,-137195.790,102115.963,2.031,,1,1.000,4,,2-2,,False,,,0,1               ,0,0,0,False,False,False,,,,,
789,LV-2823,,,,,,,,-137195.839,102116.430,1.960,,1,1.000,4,,2-2,,False,,,0,1               ,0,0,0,False,False,False,,,,,
790,LV-2824,,,,,,,,-137196.137,102116.382,2.039,,1,1.000,4,,2-2,,False,,,0,1               ,0,0,0,False,False,False,,,,,
791,LV-2825,,,,,,,,-137197.424,102116.333,1.992,,1,1.000,4,,2-2,,False,,,0,1               ,0,0,0,False,False,False,,,,,
792,LV-2826,,,,,,,,-137196.870,102120.257,1.988,,1,1.000,4,,2-2,,False,,,0,1               ,0,0,0,False,False,False,,,,,
793,LV-2827,,,,,,,,-137197.377,102120.105,1.991,,1,1.000,4,,2-2,,False,,,0,1               ,0,0,0,False,False,False,,,,,
794,LV-2828,,,,,,,,-137197.500,102120.960,1.968,,1,1.000,4,,2-2,,False,,,0,1               ,0,0,0,False,False,False,,,,,
795,LV-2829,,,,,,,,-137189.422,102126.456,2.241,,1,1.000,4,,2-2,,False,,,0,1               ,0,0,0,False,False,False,,,,,
796,LV-2830,,,,,,,,-137180.419,102129.023,2.135,,1,1.000,4,,2-2,,False,,,0,1               ,0,0,0,False,False,False,,,,,
797,LV-2831,,,,,,,,-137180.387,102129.298,2.119,,1,1.000,4,,2-2,,False,,,0,1               ,0,0,0,False,False,False,,,,,
798,LV-2832,,,,,,,,-137180.226,102129.007,2.130,,1,1.000,4,,2-2,,False,,,0,1               ,0,0,0,False,False,False,,,,,
799,LV-2833,,,,,,,,-137180.045,102129.409,2.117,,1,1.000,4,,2-2,,False,,,0,1               ,0,0,0,False,False,False,,,,,
800,LV-2834,,,,,,,,-137177.998,102127.606,2.255,,1,1.000,4,,2-2,,False,,,0,1               ,0,0,0,False,False,False,,,,,
801,LV-2835,,,,,,,,-137171.351,102117.170,2.156,,1,1.000,4,,2-2,,False,,,0,1               ,0,0,0,False,False,False,,,,,
802,LV-2836,,,,,,,,-137202.888,102125.933,2.062,,1,1.000,4,,2-2,,False,,,0,1               ,0,0,0,False,False,False,,,,,
803,LV-2837,,,,,,,,-137202.764,102126.333,2.224,,1,1.000,4,,2-2,,False,,,0,1               ,0,0,0,False,False,False,,,,,
804,LV-2838,,,,,,,,-137195.706,102118.342,2.018,,1,1.000,4,,2-2,,False,,,0,1               ,0,0,0,False,False,False,,,,,
805,LV-2839,,,,,,,,-137197.234,102117.576,1.925,,1,1.000,4,,2-2,,False,,,0,1               ,0,0,0,False,False,False,,,,,
806,LV-2840,,,,,,,,-137197.108,102117.063,1.993,,1,1.000,4,,2-2,,False,,,0,1               ,0,0,0,False,False,False,,,,,
807,LV-2841,,,,,,,,-137197.176,102116.167,1.991,,1,1.000,4,,2-2,,False,,,0,1               ,0,0,0,False,False,False,,,,,
808,LV-2842,,,,,,,,-137198.918,102117.819,2.227,,1,1.000,4,,2-2,,False,,,0,1               ,0,0,0,False,False,False,,,,,
809,LV-2843,,,,,,,,-137198.820,102118.220,2.053,,1,1.000,4,,2-2,,False,,,0,1               ,0,0,0,False,False,False,,,,,
810,LV-2844,,,,,,,,-137200.690,102122.910,2.236,,1,1.000,4,,2-2,,False,,,0,1               ,0,0,0,False,False,False,,,,,
811,LV-2845,,,,,,,,-137201.202,102122.547,2.273,,1,1.000,4,,2-2,,False,,,0,1               ,0,0,0,False,False,False,,,,,
812,LV-2846,,,,,,,,-137201.338,102123.002,2.007,,1,1.000,4,,2-2,,False,,,0,1               ,0,0,0,False,False,False,,,,,
813,LV-2847,,,,,,,,-137201.572,102124.413,2.272,,1,1.000,4,,2-2,,False,,,0,1               ,0,0,0,False,False,False,,,,,
814,LV-2848,,,,,,,,-137203.471,102123.577,1.966,,1,1.000,4,,2-2,,False,,,0,1               ,0,0,0,False,False,False,,,,,
815,LV-2849,,,,,,,,-137204.463,102126.611,2.016,,1,1.000,4,,2-2,,False,,,0,1               ,0,0,0,False,False,False,,,,,
816,LV-2850,,,,,,,,-137203.897,102128.214,2.023,,1,1.000,4,,2-2,,False,,,0,1               ,0,0,0,False,False,False,,,,,
817,LV-2851,,,,,,,,-137203.259,102128.067,2.041,,1,1.000,4,,2-2,,False,,,0,1               ,0,0,0,False,False,False,,,,,
818,LV-2852,,,,,,,,-137204.673,102131.504,2.190,,1,1.000,4,,2-2,,False,,,0,1               ,0,0,0,False,False,False,,,,,
819,LV-2853,,,,,,,,-137182.124,102117.553,2.080,,1,1.000,4,,2-2,,False,,,0,1               ,0,0,0,False,False,False,,,,,
820,LV-2854,,,,,,,,-137182.326,102117.057,2.093,,1,1.000,4,,2-2,,False,,,0,1               ,0,0,0,False,False,False,,,,,
821,LV-2855,,,,,,,,-137181.695,102116.413,2.164,,1,1.000,4,,2-2,,False,,,0,1               ,0,0,0,False,False,False,,,,,
822,LV-2856,,,,,,,,-137181.916,102116.915,2.116,,1,1.000,4,,2-2,,False,,,0,1               ,0,0,0,False,False,False,,,,,
823,LV-2857,,,,,,,,-137183.196,102111.201,2.239,,1,1.000,4,,2-2,,False,,,0,1               ,0,0,0,False,False,False,,,,,
824,LV-2858,,,,,,,,-137176.502,102117.126,2.270,,1,1.000,4,,2-2,,False,,,0,1               ,0,0,0,False,False,False,,,,,
825,LV-2859,,,,,,,,-137176.308,102116.777,2.227,,1,1.000,4,,2-2,,False,,,0,1               ,0,0,0,False,False,False,,,,,
826,LV-2860,,,,,,,,-137181.320,102116.702,2.046,,1,1.000,4,,2-2,,False,,,0,1               ,0,0,0,False,False,False,,,,,
827,LV-2861,,,,,,,,-137175.692,102119.370,2.188,,1,1.000,4,,2-2,,False,,,0,1               ,0,0,0,False,False,False,,,,,
828,LV-2862,,,,,,,,-137175.307,102119.114,2.090,,1,1.000,4,,2-2,,False,,,0,1               ,0,0,0,False,False,False,,,,,
829,LV-2863,,,,,,,,-137184.805,102111.081,2.201,,1,1.000,4,,2-2,,False,,,0,1               ,0,0,0,False,False,False,,,,,
830,LV-2864,,,,,,,,-137187.990,102116.969,1.938,,1,1.000,4,,2-2,,False,,,0,1               ,0,0,0,False,False,False,,,,,
831,LV-2865,,,,,,,,-137188.325,102116.697,2.023,,1,1.000,4,,2-2,,False,,,0,1               ,0,0,0,False,False,False,,,,,
832,LV-2866,,,,,,,,-137176.638,102123.172,2.243,,1,1.000,4,,2-2,,False,,,0,1               ,0,0,0,False,False,False,,,,,
833,LV-2867,,,,,,,,-137175.862,102122.839,2.134,,1,1.000,4,,2-2,,False,,,0,1               ,0,0,0,False,False,False,,,,,
834,LV-2868,,,,,,,,-137177.513,102118.848,2.044,,1,1.000,4,,2-2,,False,,,0,1               ,0,0,0,False,False,False,,,,,
835,LV-2869,,,,,,,,-137176.094,102122.013,2.309,,1,1.000,4,,2-2,,False,,,0,1               ,0,0,0,False,False,False,,,,,
836,LV-2870,,,,,,,,-137174.968,102120.689,2.316,,1,1.000,4,,2-2,,False,,,0,1               ,0,0,0,False,False,False,,,,,
837,LV-2871,,,,,,,,-137174.746,102119.881,2.284,,1,1.000,4,,2-2,,False,,,0,1               ,0,0,0,False,False,False,,,,,
838,LV-2872,,,,,,,,-137175.964,102121.392,2.228,,1,1.000,4,,2-2,,False,,,0,1               ,0,0,0,False,False,False,,,,,
839,LV-2873,,,,,,,,-137176.409,102121.654,2.213,,1,1.000,4,,2-2,,False,,,0,1               ,0,0,0,False,False,False,,,,,
840,LV-2874,,,,,,,,-137177.540,102121.299,2.298,,1,1.000,4,,2-2,,False,,,0,1               ,0,0,0,False,False,False,,,,,
841,LV-2875,,,,,,,,-137177.311,102121.198,2.309,,1,1.000,4,,2-2,,False,,,0,1               ,0,0,0,False,False,False,,,,,
842,LV-2876,,,,,,,,-137177.301,102120.506,2.141,,1,1.000,4,,2-2,,False,,,0,1               ,0,0,0,False,False,False,,,,,
843,LV-2877,,,,,,,,-137176.167,102119.760,2.159,,1,1.000,4,,2-2,,False,,,0,1               ,0,0,0,False,False,False,,,,,
844,LV-2878,,,,,,,,-137178.877,102119.906,2.148,,1,1.000,4,,2-2,,False,,,0,1               ,0,0,0,False,False,False,,,,,
845,LV-2879,,,,,,,,-137178.290,102119.513,2.051,,1,1.000,4,,2-2,,False,,,0,1               ,0,0,0,False,False,False,,,,,
846,LV-2880,,,,,,,,-137178.564,102119.013,2.187,,1,1.000,4,,2-2,,False,,,0,1               ,0,0,0,False,False,False,,,,,
847,LV-2881,,,,,,,,-137179.171,102118.622,2.329,,1,1.000,4,,2-2,,False,,,0,1               ,0,0,0,False,False,False,,,,,
848,LV-2882,,,,,,,,-137179.672,102118.487,2.014,,1,1.000,4,,2-2,,False,,,0,1               ,0,0,0,False,False,False,,,,,
849,LV-2883,,,,,,,,-137180.030,102117.499,2.160,,1,1.000,4,,2-2,,False,,,0,1               ,0,0,0,False,False,False,,,,,
850,LV-2884,,,,,,,,-137176.190,102112.196,2.192,,1,1.000,4,,2-2,,False,,,0,1               ,0,0,0,False,False,False,,,,,
851,LV-2885,,,,,,,,-137175.860,102111.259,2.314,,1,1.000,4,,2-2,,False,,,0,1               ,0,0,0,False,False,False,,,,,
852,LV-2886,,,,,,,,-137174.861,102111.223,2.286,,1,1.000,4,,2-2,,False,,,0,1               ,0,0,0,False,False,False,,,,,
853,LV-2887,,,,,,,,-137174.308,102111.391,2.240,,1,1.000,4,,2-2,,False,,,0,1               ,0,0,0,False,False,False,,,,,
854,LV-2888,,,,,,,,-137174.790,102113.869,2.222,,1,1.000,4,,2-2,,False,,,0,1               ,0,0,0,False,False,False,,,,,
855,LV-2889,,,,,,,,-137175.214,102113.749,2.172,,1,1.000,4,,2-2,,False,,,0,1               ,0,0,0,False,False,False,,,,,
856,LV-2890,,,,,,,,-137176.646,102117.929,2.090,,1,1.000,4,,2-2,,False,,,0,1               ,0,0,0,False,False,False,,,,,
857,LV-2891,,,,,,,,-137177.951,102116.966,2.135,,1,1.000,4,,2-2,,False,,,0,1               ,0,0,0,False,False,False,,,,,
858,LV-2892,,,,,,,,-137178.342,102117.781,1.819,,1,1.000,4,,2-2,,False,,,0,1               ,0,0,0,False,False,False,,,,,
859,LV-2893,,,,,,,,-137178.190,102117.643,2.034,,1,1.000,4,,2-2,,False,,,0,1               ,0,0,0,False,False,False,,,,,
860,LV-2894,,,,,,,,-137178.503,102116.257,2.081,,1,1.000,4,,2-2,,False,,,0,1               ,0,0,0,False,False,False,,,,,
861,LV-2895,,,,,,,,-137177.449,102115.503,2.222,,1,1.000,4,,2-2,,False,,,0,1               ,0,0,0,False,False,False,,,,,
862,LV-2896,,,,,,,,-137177.353,102114.314,2.263,,1,1.000,4,,2-2,,False,,,0,1               ,0,0,0,False,False,False,,,,,
863,LV-2897,,,,,,,,-137176.887,102113.160,2.322,,1,1.000,4,,2-2,,False,,,0,1               ,0,0,0,False,False,False,,,,,
864,LV-2898,,,,,,,,-137176.661,102111.731,2.244,,1,1.000,4,,2-2,,False,,,0,1               ,0,0,0,False,False,False,,,,,
865,LV-2899,,,,,,,,-137178.416,102112.157,2.092,,1,1.000,4,,2-2,,False,,,0,1               ,0,0,0,False,False,False,,,,,
866,LV-2900,,,,,,,,-137179.716,102114.097,2.251,,1,1.000,4,,2-2,,False,,,0,1               ,0,0,0,False,False,False,,,,,
867,LV-2901,,,,,,,,-137179.412,102115.089,2.306,,1,1.000,4,,2-2,,False,,,0,1               ,0,0,0,False,False,False,,,,,
868,LV-2902,,,,,,,,-137179.766,102119.454,2.090,,1,1.000,4,,2-2,,False,,,0,1               ,0,0,0,False,False,False,,,,,
869,LV-2903,,,,,,,,-137180.549,102119.258,2.163,,1,1.000,4,,2-2,,False,,,0,1               ,0,0,0,False,False,False,,,,,
870,LV-2904,,,,,,,,-137181.057,102119.673,2.288,,1,1.000,4,,2-2,,False,,,0,1               ,0,0,0,False,False,False,,,,,
871,LV-2905,,,,,,,,-137181.255,102119.760,2.169,,1,1.000,4,,2-2,,False,,,0,1               ,0,0,0,False,False,False,,,,,
872,LV-2906,,,,,,,,-137181.298,102119.202,2.222,,1,1.000,4,,2-2,,False,,,0,1               ,0,0,0,False,False,False,,,,,
873,LV-2907,,,,,,,,-137182.377,102119.679,2.258,,1,1.000,4,,2-2,,False,,,0,1               ,0,0,0,False,False,False,,,,,
874,LV-2908,,,,,,,,-137182.140,102116.347,2.066,,1,1.000,4,,2-2,,False,,,0,1               ,0,0,0,False,False,False,,,,,
875,LV-2909,,,,,,,,-137181.550,102115.204,2.148,,1,1.000,4,,2-2,,False,,,0,1               ,0,0,0,False,False,False,,,,,
876,LV-2910,,,,,,,,-137181.634,102114.713,2.092,,1,1.000,4,,2-2,,False,,,0,1               ,0,0,0,False,False,False,,,,,
877,LV-2911,,,,,,,,-137181.299,102114.646,2.163,,1,1.000,4,,2-2,,False,,,0,1               ,0,0,0,False,False,False,,,,,
878,LV-2912,,,,,,,,-137185.269,102111.545,2.210,,1,1.000,4,,2-2,,False,,,0,1               ,0,0,0,False,False,False,,,,,
879,LV-2913,,,,,,,,-137184.311,102110.981,2.326,,1,1.000,4,,2-2,,False,,,0,1               ,0,0,0,False,False,False,,,,,
880,LV-2914,,,,,,,,-137187.753,102112.569,2.295,,1,1.000,4,,2-2,,False,,,0,1               ,0,0,0,False,False,False,,,,,
881,LV-2915,,,,,,,,-137186.125,102111.789,2.215,,1,1.000,4,,2-2,,False,,,0,1               ,0,0,0,False,False,False,,,,,
882,LV-2916,,,,,,,,-137186.974,102111.061,2.159,,1,1.000,4,,2-2,,False,,,0,1               ,0,0,0,False,False,False,,,,,
883,LV-2917,,,,,,,,-137186.914,102111.409,2.250,,1,1.000,4,,2-2,,False,,,0,1               ,0,0,0,False,False,False,,,,,
884,LV-2918,,,,,,,,-137187.040,102111.649,2.153,,1,1.000,4,,2-2,,False,,,0,1               ,0,0,0,False,False,False,,,,,
885,LV-2919,,,,,,,,-137187.252,102112.628,2.225,,1,1.000,4,,2-2,,False,,,0,1               ,0,0,0,False,False,False,,,,,
886,LV-2920,,,,,,,,-137187.127,102112.806,2.260,,1,1.000,4,,2-2,,False,,,0,1               ,0,0,0,False,False,False,,,,,
887,LV-2921,,,,,,,,-137185.384,102112.747,2.162,,1,1.000,4,,2-2,,False,,,0,1               ,0,0,0,False,False,False,,,,,
888,LV-2922,,,,,,,,-137185.478,102113.498,2.172,,1,1.000,4,,2-2,,False,,,0,1               ,0,0,0,False,False,False,,,,,
889,LV-2923,,,,,,,,-137185.161,102114.132,2.256,,1,1.000,4,,2-2,,False,,,0,1               ,0,0,0,False,False,False,,,,,
890,LV-2924,,,,,,,,-137184.831,102113.621,2.197,,1,1.000,4,,2-2,,False,,,0,1               ,0,0,0,False,False,False,,,,,
891,LV-2925,,,,,,,,-137184.464,102114.473,2.058,,1,1.000,4,,2-2,,False,,,0,1               ,0,0,0,False,False,False,,,,,
892,LV-2926,,,,,,,,-137184.135,102114.201,2.027,,1,1.000,4,,2-2,,False,,,0,1               ,0,0,0,False,False,False,,,,,
893,LV-2927,,,,,,,,-137184.083,102115.325,2.184,,1,1.000,4,,2-2,,False,,,0,1               ,0,0,0,False,False,False,,,,,
894,LV-2928,,,,,,,,-137183.415,102115.197,2.105,,1,1.000,4,,2-2,,False,,,0,1               ,0,0,0,False,False,False,,,,,
895,LV-2929,,,,,,,,-137183.059,102114.966,2.172,,1,1.000,4,,2-2,,False,,,0,1               ,0,0,0,False,False,False,,,,,
896,LV-2930,,,,,,,,-137182.573,102114.038,2.150,,1,1.000,4,,2-2,,False,,,0,1               ,0,0,0,False,False,False,,,,,
897,LV-2931,,,,,,,,-137182.795,102113.715,2.085,,1,1.000,4,,2-2,,False,,,0,1               ,0,0,0,False,False,False,,,,,
898,LV-2932,,,,,,,,-137181.622,102112.922,2.241,,1,1.000,4,,2-2,,False,,,0,1               ,0,0,0,False,False,False,,,,,
899,LV-2933,,,,,,,,-137181.897,102112.910,2.271,,1,1.000,4,,2-2,,False,,,0,1               ,0,0,0,False,False,False,,,,,
900,LV-2934,,,,,,,,-137181.312,102112.176,2.113,,1,1.000,4,,2-2,,False,,,0,1               ,0,0,0,False,False,False,,,,,
901,LV-2935,,,,,,,,-137185.599,102115.742,2.032,,1,1.000,4,,2-2,,False,,,0,1               ,0,0,0,False,False,False,,,,,
902,LV-2936,,,,,,,,-137186.628,102115.824,2.133,,1,1.000,4,,2-2,,False,,,0,1               ,0,0,0,False,False,False,,,,,
903,LV-2937,,,,,,,,-137186.716,102116.122,2.180,,1,1.000,4,,2-2,,False,,,0,1               ,0,0,0,False,False,False,,,,,
904,LV-2938,,,,,,,,-137185.908,102116.730,2.089,,1,1.000,4,,2-2,,False,,,0,1               ,0,0,0,False,False,False,,,,,
905,LV-2939,,,,,,,,-137186.569,102117.366,2.139,,1,1.000,4,,2-2,,False,,,0,1               ,0,0,0,False,False,False,,,,,
906,LV-2940,,,,,,,,-137185.723,102117.746,2.125,,1,1.000,4,,2-2,,False,,,0,1               ,0,0,0,False,False,False,,,,,
907,LV-2941,,,,,,,,-137186.286,102118.601,2.032,,1,1.000,4,,2-2,,False,,,0,1               ,0,0,0,False,False,False,,,,,
908,LV-2942,,,,,,,,-137185.730,102119.155,2.084,,1,1.000,4,,2-2,,False,,,0,1               ,0,0,0,False,False,False,,,,,
909,LV-2943,,,,,,,,-137185.184,102118.602,2.216,,1,1.000,4,,2-2,,False,,,0,1               ,0,0,0,False,False,False,,,,,
910,LV-2944,,,,,,,,-137185.160,102118.368,2.224,,1,1.000,4,,2-2,,False,,,0,1               ,0,0,0,False,False,False,,,,,
911,LV-2945,,,,,,,,-137184.671,102118.438,2.095,,1,1.000,4,,2-2,,False,,,0,1               ,0,0,0,False,False,False,,,,,
912,LV-2946,,,,,,,,-137184.464,102118.937,2.117,,1,1.000,4,,2-2,,False,,,0,1               ,0,0,0,False,False,False,,,,,
913,LV-2947,,,,,,,,-137184.453,102119.503,2.072,,1,1.000,4,,2-2,,False,,,0,1               ,0,0,0,False,False,False,,,,,
914,LV-2948,,,,,,,,-137185.405,102120.488,1.840,,1,1.000,4,,2-2,,False,,,0,1               ,0,0,0,False,False,False,,,,,
915,LV-2949,,,,,,,,-137186.089,102121.978,2.117,,1,1.000,4,,2-2,,False,,,0,1               ,0,0,0,False,False,False,,,,,
916,LV-2950,,,,,,,,-137185.307,102122.221,2.137,,1,1.000,4,,2-2,,False,,,0,1               ,0,0,0,False,False,False,,,,,
917,LV-2951,,,,,,,,-137184.532,102121.619,1.910,,1,1.000,4,,2-2,,False,,,0,1               ,0,0,0,False,False,False,,,,,
918,LV-2952,,,,,,,,-137183.772,102122.156,1.983,,1,1.000,4,,2-2,,False,,,0,1               ,0,0,0,False,False,False,,,,,
919,LV-2953,,,,,,,,-137181.840,102132.933,2.130,,1,1.000,4,,2-2,,False,,,0,1               ,0,0,0,False,False,False,,,,,
920,LV-2954,,,,,,,,-137183.036,102131.853,2.091,,1,1.000,4,,2-2,,False,,,0,1               ,0,0,0,False,False,False,,,,,
921,LV-2955,,,,,,,,-137183.921,102130.178,2.053,,1,1.000,4,,2-2,,False,,,0,1               ,0,0,0,False,False,False,,,,,
922,LV-2956,,,,,,,,-137180.527,102126.497,2.227,,1,1.000,4,,2-2,,False,,,0,1               ,0,0,0,False,False,False,,,,,
923,LV-2957,,,,,,,,-137182.488,102125.295,2.065,,1,1.000,4,,2-2,,False,,,0,1               ,0,0,0,False,False,False,,,,,
924,LV-2958,,,,,,,,-137183.730,102125.804,2.167,,1,1.000,4,,2-2,,False,,,0,1               ,0,0,0,False,False,False,,,,,
925,LV-2959,,,,,,,,-137184.195,102125.699,2.202,,1,1.000,4,,2-2,,False,,,0,1               ,0,0,0,False,False,False,,,,,
926,LV-2960,,,,,,,,-137184.488,102125.976,2.187,,1,1.000,4,,2-2,,False,,,0,1               ,0,0,0,False,False,False,,,,,
927,LV-2961,,,,,,,,-137184.332,102127.823,1.903,,1,1.000,4,,2-2,,False,,,0,1               ,0,0,0,False,False,False,,,,,
928,LV-2962,,,,,,,,-137186.006,102129.235,1.916,,1,1.000,4,,2-2,,False,,,0,1               ,0,0,0,False,False,False,,,,,
929,LV-2963,,,,,,,,-137186.737,102127.549,2.252,,1,1.000,4,,2-2,,False,,,0,1               ,0,0,0,False,False,False,,,,,
930,LV-2964,,,,,,,,-137185.642,102125.980,2.162,,1,1.000,4,,2-2,,False,,,0,1               ,0,0,0,False,False,False,,,,,
931,LV-2965,,,,,,,,-137186.410,102125.334,2.193,,1,1.000,4,,2-2,,False,,,0,1               ,0,0,0,False,False,False,,,,,
932,LV-2966,,,,,,,,-137186.475,102125.038,2.165,,1,1.000,4,,2-2,,False,,,0,1               ,0,0,0,False,False,False,,,,,
933,LV-2967,,,,,,,,-137185.073,102124.976,2.136,,1,1.000,4,,2-2,,False,,,0,1               ,0,0,0,False,False,False,,,,,
934,LV-2968,,,,,,,,-137185.928,102124.365,2.218,,1,1.000,4,,2-2,,False,,,0,1               ,0,0,0,False,False,False,,,,,
935,LV-2969,,,,,,,,-137184.820,102124.147,2.204,,1,1.000,4,,2-2,,False,,,0,1               ,0,0,0,False,False,False,,,,,
936,LV-2970,,,,,,,,-137185.328,102123.680,2.210,,1,1.000,4,,2-2,,False,,,0,1               ,0,0,0,False,False,False,,,,,
937,LV-2971,,,,,,,,-137188.821,102115.273,2.001,,1,1.000,4,,2-2,,False,,,0,1               ,0,0,0,False,False,False,,,,,
938,LV-2972,,,,,,,,-137188.116,102114.233,2.148,,1,1.000,4,,2-2,,False,,,0,1               ,0,0,0,False,False,False,,,,,
939,LV-2973,,,,,,,,-137187.912,102113.725,2.030,,1,1.000,4,,2-2,,False,,,0,1               ,0,0,0,False,False,False,,,,,
940,LV-2974,,,,,,,,-137187.500,102114.114,2.046,,1,1.000,4,,2-2,,False,,,0,1               ,0,0,0,False,False,False,,,,,
941,LV-2975,,,,,,,,-137186.926,102114.621,2.195,,1,1.000,4,,2-2,,False,,,0,1               ,0,0,0,False,False,False,,,,,
942,LV-2976,,,,,,,,-137187.288,102114.534,2.086,,1,1.000,4,,2-2,,False,,,0,1               ,0,0,0,False,False,False,,,,,
943,LV-2977,,,,,,,,-137187.462,102115.137,2.099,,1,1.000,4,,2-2,,False,,,0,1               ,0,0,0,False,False,False,,,,,
944,LV-2978,,,,,,,,-137187.886,102116.344,1.918,,1,1.000,4,,2-2,,False,,,0,1               ,0,0,0,False,False,False,,,,,
945,LV-2979,,,,,,,,-137187.301,102117.512,2.191,,1,1.000,4,,2-2,,False,,,0,1               ,0,0,0,False,False,False,,,,,
946,LV-2980,,,,,,,,-137187.351,102117.925,2.115,,1,1.000,4,,2-2,,False,,,0,1               ,0,0,0,False,False,False,,,,,
947,LV-2981,,,,,,,,-137187.264,102118.242,2.081,,1,1.000,4,,2-2,,False,,,0,1               ,0,0,0,False,False,False,,,,,
948,LV-2982,,,,,,,,-137187.471,102118.970,2.136,,1,1.000,4,,2-2,,False,,,0,1               ,0,0,0,False,False,False,,,,,
949,LV-2983,,,,,,,,-137188.850,102119.785,2.121,,1,1.000,4,,2-2,,False,,,0,1               ,0,0,0,False,False,False,,,,,
950,LV-2984,,,,,,,,-137188.680,102119.353,2.022,,1,1.000,4,,2-2,,False,,,0,1               ,0,0,0,False,False,False,,,,,
951,LV-2985,,,,,,,,-137187.596,102119.579,2.098,,1,1.000,4,,2-2,,False,,,0,1               ,0,0,0,False,False,False,,,,,
952,LV-2986,,,,,,,,-137187.906,102119.618,2.014,,1,1.000,4,,2-2,,False,,,0,1               ,0,0,0,False,False,False,,,,,
953,LV-2987,,,,,,,,-137188.232,102119.990,2.146,,1,1.000,4,,2-2,,False,,,0,1               ,0,0,0,False,False,False,,,,,
954,LV-2988,,,,,,,,-137187.955,102120.005,2.115,,1,1.000,4,,2-2,,False,,,0,1               ,0,0,0,False,False,False,,,,,
955,LV-2989,,,,,,,,-137187.939,102120.173,2.139,,1,1.000,4,,2-2,,False,,,0,1               ,0,0,0,False,False,False,,,,,
956,LV-2990,,,,,,,,-137188.423,102131.952,2.269,,1,1.000,4,,2-2,,False,,,0,1               ,0,0,0,False,False,False,,,,,
957,LV-2991,,,,,,,,-137191.475,102132.160,2.261,,1,1.000,4,,2-2,,False,,,0,1               ,0,0,0,False,False,False,,,,,
958,LV-2992,,,,,,,,-137191.492,102132.655,2.208,,1,1.000,4,,2-2,,False,,,0,1               ,0,0,0,False,False,False,,,,,
959,LV-2993,,,,,,,,-137189.684,102132.603,2.111,,1,1.000,4,,2-2,,False,,,0,1               ,0,0,0,False,False,False,,,,,
960,LV-2994,,,,,,,,-137189.321,102132.016,2.072,,1,1.000,4,,2-2,,False,,,0,1               ,0,0,0,False,False,False,,,,,
961,LV-2995,,,,,,,,-137189.913,102131.801,2.218,,1,1.000,4,,2-2,,False,,,0,1               ,0,0,0,False,False,False,,,,,
962,LV-2996,,,,,,,,-137190.401,102131.852,2.207,,1,1.000,4,,2-2,,False,,,0,1               ,0,0,0,False,False,False,,,,,
963,LV-2997,,,,,,,,-137189.077,102129.720,2.038,,1,1.000,4,,2-2,,False,,,0,1               ,0,0,0,False,False,False,,,,,
964,LV-2998,,,,,,,,-137188.601,102129.440,2.187,,1,1.000,4,,2-2,,False,,,0,1               ,0,0,0,False,False,False,,,,,
965,LV-2999,,,,,,,,-137189.175,102129.067,2.227,,1,1.000,4,,2-2,,False,,,0,1               ,0,0,0,False,False,False,,,,,
966,LV-3000,,,,,,,,-137190.416,102126.801,2.026,,1,1.000,4,,2-2,,False,,,0,1               ,0,0,0,False,False,False,,,,,
967,LV-3001,,,,,,,,-137188.472,102125.877,2.253,,1,1.000,4,,2-2,,False,,,0,1               ,0,0,0,False,False,False,,,,,
968,LV-3002,,,,,,,,-137189.279,102125.104,2.243,,1,1.000,4,,2-2,,False,,,0,1               ,0,0,0,False,False,False,,,,,
969,LV-3003,,,,,,,,-137189.615,102125.204,2.142,,1,1.000,4,,2-2,,False,,,0,1               ,0,0,0,False,False,False,,,,,
970,LV-3004,,,,,,,,-137190.018,102124.828,2.095,,1,1.000,4,,2-2,,False,,,0,1               ,0,0,0,False,False,False,,,,,
971,LV-3005,,,,,,,,-137191.187,102125.304,2.221,,1,1.000,4,,2-2,,False,,,0,1               ,0,0,0,False,False,False,,,,,
972,LV-3006,,,,,,,,-137191.048,102124.589,2.268,,1,1.000,4,,2-2,,False,,,0,1               ,0,0,0,False,False,False,,,,,
973,LV-3007,,,,,,,,-137190.364,102123.304,2.166,,1,1.000,4,,2-2,,False,,,0,1               ,0,0,0,False,False,False,,,,,
974,LV-3008,,,,,,,,-137189.872,102122.532,2.155,,1,1.000,4,,2-2,,False,,,0,1               ,0,0,0,False,False,False,,,,,
975,LV-3009,,,,,,,,-137189.809,102122.852,2.237,,1,1.000,4,,2-2,,False,,,0,1               ,0,0,0,False,False,False,,,,,
976,LV-3010,,,,,,,,-137189.441,102123.499,2.168,,1,1.000,4,,2-2,,False,,,0,1               ,0,0,0,False,False,False,,,,,
977,LV-3011,,,,,,,,-137188.338,102123.588,2.198,,1,1.000,4,,2-2,,False,,,0,1               ,0,0,0,False,False,False,,,,,
978,LV-3012,,,,,,,,-137188.040,102122.640,2.104,,1,1.000,4,,2-2,,False,,,0,1               ,0,0,0,False,False,False,,,,,
979,LV-3013,,,,,,,,-137188.719,102122.373,2.164,,1,1.000,4,,2-2,,False,,,0,1               ,0,0,0,False,False,False,,,,,
980,LV-3014,,,,,,,,-137188.397,102122.140,2.135,,1,1.000,4,,2-2,,False,,,0,1               ,0,0,0,False,False,False,,,,,
981,LV-3015,,,,,,,,-137189.123,102122.349,2.212,,1,1.000,4,,2-2,,False,,,0,1               ,0,0,0,False,False,False,,,,,
982,LV-3016,,,,,,,,-137188.807,102122.000,2.159,,1,1.000,4,,2-2,,False,,,0,1               ,0,0,0,False,False,False,,,,,
983,LV-3017,,,,,,,,-137189.525,102121.749,2.202,,1,1.000,4,,2-2,,False,,,0,1               ,0,0,0,False,False,False,,,,,
984,LV-3018,,,,,,,,-137189.356,102121.468,2.192,,1,1.000,4,,2-2,,False,,,0,1               ,0,0,0,False,False,False,,,,,
985,LV-3019,,,,,,,,-137190.788,102121.222,2.135,,1,1.000,4,,2-2,,False,,,0,1               ,0,0,0,False,False,False,,,,,
986,LV-3020,,,,,,,,-137190.741,102120.914,2.010,,1,1.000,4,,2-2,,False,,,0,1               ,0,0,0,False,False,False,,,,,
987,LV-3021,,,,,,,,-137190.968,102120.359,2.129,,1,1.000,4,,2-2,,False,,,0,1               ,0,0,0,False,False,False,,,,,
988,LV-3022,,,,,,,,-137189.960,102120.492,2.088,,1,1.000,4,,2-2,,False,,,0,1               ,0,0,0,False,False,False,,,,,
989,LV-3023,,,,,,,,-137190.336,102119.293,2.054,,1,1.000,4,,2-2,,False,,,0,1               ,0,0,0,False,False,False,,,,,
990,LV-3024,,,,,,,,-137189.953,102118.009,2.077,,1,1.000,4,,2-2,,False,,,0,1               ,0,0,0,False,False,False,,,,,
991,LV-3025,,,,,,,,-137189.413,102116.973,2.208,,1,1.000,4,,2-2,,False,,,0,1               ,0,0,0,False,False,False,,,,,
992,LV-3026,,,,,,,,-137190.284,102117.193,2.084,,1,1.000,4,,2-2,,False,,,0,1               ,0,0,0,False,False,False,,,,,
993,LV-3027,,,,,,,,-137190.164,102116.615,2.011,,1,1.000,4,,2-2,,False,,,0,1               ,0,0,0,False,False,False,,,,,
994,LV-3028,,,,,,,,-137189.239,102116.047,2.064,,1,1.000,4,,2-2,,False,,,0,1               ,0,0,0,False,False,False,,,,,
995,LV-3029,,,,,,,,-137190.672,102115.276,2.257,,1,1.000,4,,2-2,,False,,,0,1               ,0,0,0,False,False,False,,,,,
996,LV-3030,,,,,,,,-137190.809,102113.753,2.245,,1,1.000,4,,2-2,,False,,,0,1               ,0,0,0,False,False,False,,,,,
997,LV-3031,,,,,,,,-137190.447,102113.964,2.210,,1,1.000,4,,2-2,,False,,,0,1               ,0,0,0,False,False,False,,,,,
998,LV-3032,,,,,,,,-137189.194,102113.775,2.007,,1,1.000,4,,2-2,,False,,,0,1               ,0,0,0,False,False,False,,,,,
999,LV-3033,,,,,,,,-137188.832,102113.273,2.133,,1,1.000,4,,2-2,,False,,,0,1               ,0,0,0,False,False,False,,,,,
1000,LV-3034,,,,,,,,-137188.379,102112.647,2.237,,1,1.000,4,,2-2,,False,,,0,1               ,0,0,0,False,False,False,,,,,
1001,LV-3035,,,,,,,,-137188.232,102111.041,2.153,,1,1.000,4,,2-2,,False,,,0,1               ,0,0,0,False,False,False,,,,,
1002,LV-3036,,,,,,,,-137188.675,102111.491,2.187,,1,1.000,4,,2-2,,False,,,0,1               ,0,0,0,False,False,False,,,,,
1003,LV-3037,,,,,,,,-137189.044,102110.929,2.160,,1,1.000,4,,2-2,,False,,,0,1               ,0,0,0,False,False,False,,,,,
1004,LV-3038,,,,,,,,-137200.179,102120.926,2.198,,1,1.000,4,,2-2,,False,,,0,1               ,0,0,0,False,False,False,,,,,
1005,LV-3039,,,,,,,,-137192.995,102121.628,2.341,,1,1.000,4,,2-2,,False,,,0,1               ,0,0,0,False,False,False,,,,,
1006,LV-3040,,,,,,,,-137197.617,102119.513,2.258,,1,1.000,4,,2-2,,False,,,0,1               ,0,0,0,False,False,False,,,,,
1007,LV-3041,,,,,,,,-137196.470,102118.412,2.264,,1,1.000,4,,2-2,,False,,,0,1               ,0,0,0,False,False,False,,,,,
1008,LV-3042,,,,,,,,-137197.386,102116.623,2.290,,1,1.000,4,,2-2,,False,,,0,1               ,0,0,0,False,False,False,,,,,
1009,LV-3043,,,,,,,,-137195.190,102113.931,2.366,,1,1.000,4,,2-2,,False,,,0,1               ,0,0,0,False,False,False,,,,,
1010,LV-3044,,,,,,,,-137197.932,102114.403,2.377,,1,1.000,4,,2-2,,False,,,0,1               ,0,0,0,False,False,False,,,,,
1011,LV-3045,,,,,,,,-137202.934,102114.051,2.388,,1,1.000,4,,2-2,,False,,,0,1               ,0,0,0,False,False,False,,,,,
1012,LV-3046,,,,,,,,-137205.863,102114.088,2.387,,1,1.000,4,,2-2,,False,,,0,1               ,0,0,0,False,False,False,,,,,
1013,LV-3047,,,,,,,,-137205.580,102116.251,2.359,,1,1.000,4,,2-2,,False,,,0,1               ,0,0,0,False,False,False,,,,,
1014,LV-3048,,,,,,,,-137203.758,102117.135,2.377,,1,1.000,4,,2-2,,False,,,0,1               ,0,0,0,False,False,False,,,,,
1015,LV-3049,,,,,,,,-137199.310,102116.581,2.351,,1,1.000,4,,2-2,,False,,,0,1               ,0,0,0,False,False,False,,,,,
1016,LV-3050,,,,,,,,-137199.584,102118.881,2.360,,1,1.000,4,,2-2,,False,,,0,1               ,0,0,0,False,False,False,,,,,
1017,LV-3051,,,,,,,,-137204.268,102123.335,2.408,,1,1.000,4,,2-2,,False,,,0,1               ,0,0,0,False,False,False,,,,,
1018,LV-3052,,,,,,,,-137202.536,102123.788,2.369,,1,1.000,4,,2-2,,False,,,0,1               ,0,0,0,False,False,False,,,,,
1019,LV-3053,,,,,,,,-137192.076,102129.029,2.440,,1,1.000,4,,2-2,,False,,,0,1               ,0,0,0,False,False,False,,,,,
1020,LV-3054,,,,,,,,-137192.567,102125.286,2.390,,1,1.000,4,,2-2,,False,,,0,1               ,0,0,0,False,False,False,,,,,
1021,LV-3055,,,,,,,,-137194.701,102129.940,2.385,,1,1.000,4,,2-2,,False,,,0,1               ,0,0,0,False,False,False,,,,,
1022,LV-3056,,,,,,,,-137200.709,102131.533,2.382,,1,1.000,4,,2-2,,False,,,0,1               ,0,0,0,False,False,False,,,,,
1023,LV-3057,,,,,,,,-137204.121,102132.209,2.468,,1,1.000,4,,2-2,,False,,,0,1               ,0,0,0,False,False,False,,,,,
1024,LV-3058,,,,,,,,-137195.207,102128.390,2.178,,1,1.000,4,,2-2,,False,,,0,1               ,0,0,0,False,False,False,,,,,
1025,LV-3059,,,,,,,,-137195.780,102129.458,2.117,,1,1.000,4,,2-2,,False,,,0,1               ,0,0,0,False,False,False,,,,,
1026,LV-3060,,,,,,,,-137195.860,102128.415,2.177,,1,1.000,4,,2-2,,False,,,0,1               ,0,0,0,False,False,False,,,,,
1027,LV-3061,,,,,,,,-137196.426,102128.061,2.174,,1,1.000,4,,2-2,,False,,,0,1               ,0,0,0,False,False,False,,,,,
1028,LV-3062,,,,,,,,-137196.570,102128.821,2.092,,1,1.000,4,,2-2,,False,,,0,1               ,0,0,0,False,False,False,,,,,
1029,LV-3063,,,,,,,,-137197.459,102128.132,2.247,,1,1.000,4,,2-2,,False,,,0,1               ,0,0,0,False,False,False,,,,,
1030,LV-3064,,,,,,,,-137197.677,102128.269,2.212,,1,1.000,4,,2-2,,False,,,0,1               ,0,0,0,False,False,False,,,,,
1031,LV-3065,,,,,,,,-137197.540,102129.844,2.178,,1,1.000,4,,2-2,,False,,,0,1               ,0,0,0,False,False,False,,,,,
1032,LV-3066,,,,,,,,-137199.449,102129.738,2.261,,1,1.000,4,,2-2,,False,,,0,1               ,0,0,0,False,False,False,,,,,
1033,LV-3067,,,,,,,,-137198.986,102129.393,2.241,,1,1.000,4,,2-2,,False,,,0,1               ,0,0,0,False,False,False,,,,,
1034,LV-3068,,,,,,,,-137199.752,102128.815,2.123,,1,1.000,4,,2-2,,False,,,0,1               ,0,0,0,False,False,False,,,,,
1035,LV-3069,,,,,,,,-137199.502,102128.593,2.199,,1,1.000,4,,2-2,,False,,,0,1               ,0,0,0,False,False,False,,,,,
1036,LV-3070,,,,,,,,-137199.249,102128.383,2.137,,1,1.000,4,,2-2,,False,,,0,1               ,0,0,0,False,False,False,,,,,
1037,LV-3071,,,,,,,,-137199.072,102127.874,2.165,,1,1.000,4,,2-2,,False,,,0,1               ,0,0,0,False,False,False,,,,,
1038,LV-3072,,,,,,,,-137200.394,102128.776,2.264,,1,1.000,4,,2-2,,False,,,0,1               ,0,0,0,False,False,False,,,,,
1039,LV-3073,,,,,,,,-137200.558,102129.652,2.216,,1,1.000,4,,2-2,,False,,,0,1               ,0,0,0,False,False,False,,,,,
1040,LV-3074,,,,,,,,-137200.876,102129.494,2.182,,1,1.000,4,,2-2,,False,,,0,1               ,0,0,0,False,False,False,,,,,
1041,LV-3075,,,,,,,,-137200.840,102129.757,2.231,,1,1.000,4,,2-2,,False,,,0,1               ,0,0,0,False,False,False,,,,,
1042,LV-3076,,,,,,,,-137201.189,102129.774,2.126,,1,1.000,4,,2-2,,False,,,0,1               ,0,0,0,False,False,False,,,,,
1043,LV-3077,,,,,,,,-137201.093,102128.840,2.196,,1,1.000,4,,2-2,,False,,,0,1               ,0,0,0,False,False,False,,,,,
1044,LV-3078,,,,,,,,-137200.903,102127.546,2.195,,1,1.000,4,,2-2,,False,,,0,1               ,0,0,0,False,False,False,,,,,
1045,LV-3079,,,,,,,,-137201.689,102127.262,2.212,,1,1.000,4,,2-2,,False,,,0,1               ,0,0,0,False,False,False,,,,,
1046,LV-3080,,,,,,,,-137205.868,102132.069,2.135,,1,1.000,4,,2-2,,False,,,0,1               ,0,0,0,False,False,False,,,,,
1047,LV-3081,,,,,,,,-137205.349,102132.538,2.299,,1,1.000,4,,2-2,,False,,,0,1               ,0,0,0,False,False,False,,,,,
1048,LV-3082,,,,,,,,-137202.290,102131.250,2.330,,1,1.000,4,,2-2,,False,,,0,1               ,0,0,0,False,False,False,,,,,
1049,LV-3083,,,,,,,,-137202.908,102132.318,2.384,,1,1.000,4,,2-2,,False,,,0,1               ,0,0,0,False,False,False,,,,,
1050,LV-3084,,,,,,,,-137203.278,102133.252,2.362,,1,1.000,4,,2-2,,False,,,0,1               ,0,0,0,False,False,False,,,,,
1051,LV-3085,,,,,,,,-137202.693,102132.732,2.092,,1,1.000,4,,2-2,,False,,,0,1               ,0,0,0,False,False,False,,,,,
1052,LV-3086,,,,,,,,-137201.980,102132.565,2.025,,1,1.000,4,,2-2,,False,,,0,1               ,0,0,0,False,False,False,,,,,
1053,LV-3087,,,,,,,,-137201.361,102132.806,2.070,,1,1.000,4,,2-2,,False,,,0,1               ,0,0,0,False,False,False,,,,,
1054,LV-3088,,,,,,,,-137200.965,102133.227,2.410,,1,1.000,4,,2-2,,False,,,0,1               ,0,0,0,False,False,False,,,,,
1055,LV-3089,,,,,,,,-137200.399,102133.027,1.996,,1,1.000,4,,2-2,,False,,,0,1               ,0,0,0,False,False,False,,,,,
1056,LV-3090,,,,,,,,-137199.862,102133.210,2.165,,1,1.000,4,,2-2,,False,,,0,1               ,0,0,0,False,False,False,,,,,
1057,LV-3091,,,,,,,,-137199.092,102133.119,2.210,,1,1.000,4,,2-2,,False,,,0,1               ,0,0,0,False,False,False,,,,,
1058,LV-3092,,,,,,,,-137197.453,102132.890,2.320,,1,1.000,4,,2-2,,False,,,0,1               ,0,0,0,False,False,False,,,,,
1059,LV-3093,,,,,,,,-137199.147,102131.925,2.171,,1,1.000,4,,2-2,,False,,,0,1               ,0,0,0,False,False,False,,,,,
1060,LV-3094,,,,,,,,-137199.614,102130.545,2.166,,1,1.000,4,,2-2,,False,,,0,1               ,0,0,0,False,False,False,,,,,
1061,LV-3095,,,,,,,,-137198.692,102129.745,2.029,,1,1.000,4,,2-2,,False,,,0,1               ,0,0,0,False,False,False,,,,,
1062,LV-3096,,,,,,,,-137198.755,102130.419,2.051,,1,1.000,4,,2-2,,False,,,0,1               ,0,0,0,False,False,False,,,,,
1063,LV-3097,,,,,,,,-137197.361,102130.446,2.122,,1,1.000,4,,2-2,,False,,,0,1               ,0,0,0,False,False,False,,,,,
1064,LV-3098,,,,,,,,-137197.801,102130.722,2.211,,1,1.000,4,,2-2,,False,,,0,1               ,0,0,0,False,False,False,,,,,
1065,LV-3099,,,,,,,,-137196.701,102131.358,2.170,,1,1.000,4,,2-2,,False,,,0,1               ,0,0,0,False,False,False,,,,,
1066,LV-3100,,,,,,,,-137196.671,102132.040,2.247,,1,1.000,4,,2-2,,False,,,0,1               ,0,0,0,False,False,False,,,,,
1067,LV-3101,,,,,,,,-137196.408,102133.020,2.137,,1,1.000,4,,2-2,,False,,,0,1               ,0,0,0,False,False,False,,,,,
1068,LV-3102,,,,,,,,-137195.569,102133.133,2.176,,1,1.000,4,,2-2,,False,,,0,1               ,0,0,0,False,False,False,,,,,
1069,LV-3103,,,,,,,,-137195.499,102132.400,2.312,,1,1.000,4,,2-2,,False,,,0,1               ,0,0,0,False,False,False,,,,,
1070,LV-3104,,,,,,,,-137194.891,102133.202,2.250,,1,1.000,4,,2-2,,False,,,0,1               ,0,0,0,False,False,False,,,,,
1071,LV-3105,,,,,,,,-137194.754,102131.582,1.871,,1,1.000,4,,2-2,,False,,,0,1               ,0,0,0,False,False,False,,,,,
1072,LV-3106,,,,,,,,-137194.618,102131.166,2.148,,1,1.000,4,,2-2,,False,,,0,1               ,0,0,0,False,False,False,,,,,
1073,LV-3107,,,,,,,,-137194.164,102132.804,2.207,,1,1.000,4,,2-2,,False,,,0,1               ,0,0,0,False,False,False,,,,,
1074,LV-3108,,,,,,,,-137194.460,102132.037,2.189,,1,1.000,4,,2-2,,False,,,0,1               ,0,0,0,False,False,False,,,,,
1075,LV-3109,,,,,,,,-137194.177,102131.883,2.176,,1,1.000,4,,2-2,,False,,,0,1               ,0,0,0,False,False,False,,,,,
1076,LV-3110,,,,,,,,-137193.771,102131.081,2.135,,1,1.000,4,,2-2,,False,,,0,1               ,0,0,0,False,False,False,,,,,
1077,LV-3111,,,,,,,,-137193.367,102131.871,2.158,,1,1.000,4,,2-2,,False,,,0,1               ,0,0,0,False,False,False,,,,,
1078,LV-3112,,,,,,,,-137193.317,102131.349,2.204,,1,1.000,4,,2-2,,False,,,0,1               ,0,0,0,False,False,False,,,,,
1079,LV-3113,,,,,,,,-137193.019,102131.467,2.207,,1,1.000,4,,2-2,,False,,,0,1               ,0,0,0,False,False,False,,,,,
1080,LV-3114,,,,,,,,-137192.589,102131.795,2.204,,1,1.000,4,,2-2,,False,,,0,1               ,0,0,0,False,False,False,,,,,
1081,LV-3115,,,,,,,,-137192.194,102131.512,2.291,,1,1.000,4,,2-2,,False,,,0,1               ,0,0,0,False,False,False,,,,,
1082,LV-3116,,,,,,,,-137192.242,102130.585,2.229,,1,1.000,4,,2-2,,False,,,0,1               ,0,0,0,False,False,False,,,,,
1083,LV-3117,,,,,,,,-137192.731,102130.853,1.997,,1,1.000,4,,2-2,,False,,,0,1               ,0,0,0,False,False,False,,,,,
1084,LV-3118,,,,,,,,-137192.913,102130.618,2.102,,1,1.000,4,,2-2,,False,,,0,1               ,0,0,0,False,False,False,,,,,
1085,LV-3119,,,,,,,,-137192.881,102130.000,2.242,,1,1.000,4,,2-2,,False,,,0,1               ,0,0,0,False,False,False,,,,,
1086,LV-3120,,,,,,,,-137193.712,102129.456,2.200,,1,1.000,4,,2-2,,False,,,0,1               ,0,0,0,False,False,False,,,,,
1087,LV-3121,,,,,,,,-137193.878,102128.532,2.283,,1,1.000,4,,2-2,,False,,,0,1               ,0,0,0,False,False,False,,,,,
1088,LV-3122,,,,,,,,-137193.641,102128.048,2.166,,1,1.000,4,,2-2,,False,,,0,1               ,0,0,0,False,False,False,,,,,
1089,LV-3123,,,,,,,,-137192.737,102128.364,2.220,,1,1.000,4,,2-2,,False,,,0,1               ,0,0,0,False,False,False,,,,,
1090,LV-3124,,,,,,,,-137192.344,102127.738,2.207,,1,1.000,4,,2-2,,False,,,0,1               ,0,0,0,False,False,False,,,,,
1091,LV-3125,,,,,,,,-137192.698,102127.326,2.237,,1,1.000,4,,2-2,,False,,,0,1               ,0,0,0,False,False,False,,,,,
1092,LV-3126,,,,,,,,-137192.761,102126.921,2.059,,1,1.000,4,,2-2,,False,,,0,1               ,0,0,0,False,False,False,,,,,
1093,LV-3127,,,,,,,,-137194.614,102126.403,2.333,,1,1.000,4,,2-2,,False,,,0,1               ,0,0,0,False,False,False,,,,,
1094,LV-3128,,,,,,,,-137195.129,102126.317,2.159,,1,1.000,4,,2-2,,False,,,0,1               ,0,0,0,False,False,False,,,,,
1095,LV-3129,,,,,,,,-137195.518,102126.608,2.157,,1,1.000,4,,2-2,,False,,,0,1               ,0,0,0,False,False,False,,,,,
1096,LV-3130,,,,,,,,-137195.183,102126.563,2.170,,1,1.000,4,,2-2,,False,,,0,1               ,0,0,0,False,False,False,,,,,
1097,LV-3131,,,,,,,,-137196.103,102127.340,2.192,,1,1.000,4,,2-2,,False,,,0,1               ,0,0,0,False,False,False,,,,,
1098,LV-3132,,,,,,,,-137195.920,102127.358,2.172,,1,1.000,4,,2-2,,False,,,0,1               ,0,0,0,False,False,False,,,,,
1099,LV-3133,,,,,,,,-137195.935,102127.141,2.150,,1,1.000,4,,2-2,,False,,,0,1               ,0,0,0,False,False,False,,,,,
1100,LV-3134,,,,,,,,-137196.585,102127.215,2.298,,1,1.000,4,,2-2,,False,,,0,1               ,0,0,0,False,False,False,,,,,
1101,LV-3135,,,,,,,,-137196.756,102126.869,2.110,,1,1.000,4,,2-2,,False,,,0,1               ,0,0,0,False,False,False,,,,,
1102,LV-3136,,,,,,,,-137197.094,102125.005,2.142,,1,1.000,4,,2-2,,False,,,0,1               ,0,0,0,False,False,False,,,,,
1103,LV-3137,,,,,,,,-137197.333,102125.583,2.222,,1,1.000,4,,2-2,,False,,,0,1               ,0,0,0,False,False,False,,,,,
1104,LV-3138,,,,,,,,-137197.516,102125.024,2.101,,1,1.000,4,,2-2,,False,,,0,1               ,0,0,0,False,False,False,,,,,
1105,LV-3139,,,,,,,,-137198.361,102125.866,2.277,,1,1.000,4,,2-2,,False,,,0,1               ,0,0,0,False,False,False,,,,,
1106,LV-3140,,,,,,,,-137198.822,102126.055,2.260,,1,1.000,4,,2-2,,False,,,0,1               ,0,0,0,False,False,False,,,,,
1107,LV-3141,,,,,,,,-137199.086,102125.371,2.164,,1,1.000,4,,2-2,,False,,,0,1               ,0,0,0,False,False,False,,,,,
1108,LV-3142,,,,,,,,-137200.031,102125.918,2.114,,1,1.000,4,,2-2,,False,,,0,1               ,0,0,0,False,False,False,,,,,
1109,LV-3143,,,,,,,,-137199.756,102125.855,2.254,,1,1.000,4,,2-2,,False,,,0,1               ,0,0,0,False,False,False,,,,,
1110,LV-3144,,,,,,,,-137200.416,102126.059,2.093,,1,1.000,4,,2-2,,False,,,0,1               ,0,0,0,False,False,False,,,,,
1111,LV-3145,,,,,,,,-137200.381,102125.089,2.271,,1,1.000,4,,2-2,,False,,,0,1               ,0,0,0,False,False,False,,,,,
1112,LV-3146,,,,,,,,-137201.524,102125.215,2.289,,1,1.000,4,,2-2,,False,,,0,1               ,0,0,0,False,False,False,,,,,
1113,LV-3147,,,,,,,,-137203.387,102125.595,2.269,,1,1.000,4,,2-2,,False,,,0,1               ,0,0,0,False,False,False,,,,,
1114,LV-3148,,,,,,,,-137203.378,102125.268,2.293,,1,1.000,4,,2-2,,False,,,0,1               ,0,0,0,False,False,False,,,,,
1115,LV-3149,,,,,,,,-137203.657,102125.188,2.366,,1,1.000,4,,2-2,,False,,,0,1               ,0,0,0,False,False,False,,,,,
1116,LV-3150,,,,,,,,-137204.124,102124.913,2.350,,1,1.000,4,,2-2,,False,,,0,1               ,0,0,0,False,False,False,,,,,
1117,LV-3151,,,,,,,,-137204.230,102124.697,2.353,,1,1.000,4,,2-2,,False,,,0,1               ,0,0,0,False,False,False,,,,,
1118,LV-3152,,,,,,,,-137206.462,102130.245,2.327,,1,1.000,4,,2-2,,False,,,0,1               ,0,0,0,False,False,False,,,,,
1119,LV-3153,,,,,,,,-137203.091,102129.896,2.370,,1,1.000,4,,2-2,,False,,,0,1               ,0,0,0,False,False,False,,,,,
1120,LV-3154,,,,,,,,-137202.691,102126.705,2.325,,1,1.000,4,,2-2,,False,,,0,1               ,0,0,0,False,False,False,,,,,
1121,LV-3155,,,,,,,,-137206.058,102125.743,2.364,,1,1.000,4,,2-2,,False,,,0,1               ,0,0,0,False,False,False,,,,,
1122,LV-3156,,,,,,,,-137204.425,102128.344,2.305,,1,1.000,4,,2-2,,False,,,0,1               ,0,0,0,False,False,False,,,,,
1123,LV-3157,,,,,,,,-137205.380,102124.309,2.200,,1,1.000,4,,2-2,,False,,,0,1               ,0,0,0,False,False,False,,,,,
1124,LV-3158,,,,,,,,-137206.350,102122.869,1.925,,1,1.000,4,,2-2,,False,,,0,1               ,0,0,0,False,False,False,,,,,
1125,LV-3159,,,,,,,,-137205.607,102123.248,2.358,,1,1.000,4,,2-2,,False,,,0,1               ,0,0,0,False,False,False,,,,,
1126,LV-3160,,,,,,,,-137206.282,102123.630,2.134,,1,1.000,4,,2-2,,False,,,0,1               ,0,0,0,False,False,False,,,,,
1127,LV-3161,,,,,,,,-137207.332,102122.717,2.147,,1,1.000,4,,2-2,,False,,,0,1               ,0,0,0,False,False,False,,,,,
1128,LV-3162,,,,,,,,-137207.223,102122.499,1.935,,1,1.000,4,,2-2,,False,,,0,1               ,0,0,0,False,False,False,,,,,
1129,LV-3163,,,,,,,,-137205.924,102122.587,2.134,,1,1.000,4,,2-2,,False,,,0,1               ,0,0,0,False,False,False,,,,,
1130,LV-3164,,,,,,,,-137206.810,102121.640,2.074,,1,1.000,4,,2-2,,False,,,0,1               ,0,0,0,False,False,False,,,,,
1131,LV-3165,,,,,,,,-137207.114,102121.563,2.072,,1,1.000,4,,2-2,,False,,,0,1               ,0,0,0,False,False,False,,,,,
1132,LV-3166,,,,,,,,-137206.831,102120.662,2.265,,1,1.000,4,,2-2,,False,,,0,1               ,0,0,0,False,False,False,,,,,
1133,LV-3167,,,,,,,,-137207.618,102120.140,2.265,,1,1.000,4,,2-2,,False,,,0,1               ,0,0,0,False,False,False,,,,,
1134,LV-3168,,,,,,,,-137207.182,102119.467,2.067,,1,1.000,4,,2-2,,False,,,0,1               ,0,0,0,False,False,False,,,,,
1135,LV-3169,,,,,,,,-137206.804,102118.484,2.008,,1,1.000,4,,2-2,,False,,,0,1               ,0,0,0,False,False,False,,,,,
1136,LV-3170,,,,,,,,-137206.771,102119.086,2.058,,1,1.000,4,,2-2,,False,,,0,1               ,0,0,0,False,False,False,,,,,
1137,LV-3171,,,,,,,,-137206.767,102119.597,2.056,,1,1.000,4,,2-2,,False,,,0,1               ,0,0,0,False,False,False,,,,,
1138,LV-3172,,,,,,,,-137206.744,102119.861,2.008,,1,1.000,4,,2-2,,False,,,0,1               ,0,0,0,False,False,False,,,,,
1139,LV-3173,,,,,,,,-137206.193,102119.975,2.063,,1,1.000,4,,2-2,,False,,,0,1               ,0,0,0,False,False,False,,,,,
1140,LV-3174,,,,,,,,-137205.974,102120.334,2.043,,1,1.000,4,,2-2,,False,,,0,1               ,0,0,0,False,False,False,,,,,
1141,LV-3175,,,,,,,,-137205.822,102120.478,1.996,,1,1.000,4,,2-2,,False,,,0,1               ,0,0,0,False,False,False,,,,,
1142,LV-3176,,,,,,,,-137206.439,102119.119,1.998,,1,1.000,4,,2-2,,False,,,0,1               ,0,0,0,False,False,False,,,,,
1143,LV-3177,,,,,,,,-137205.953,102119.307,2.007,,1,1.000,4,,2-2,,False,,,0,1               ,0,0,0,False,False,False,,,,,
1144,LV-3178,,,,,,,,-137205.567,102118.445,1.999,,1,1.000,4,,2-2,,False,,,0,1               ,0,0,0,False,False,False,,,,,
1145,LV-3179,,,,,,,,-137205.104,102118.536,1.959,,1,1.000,4,,2-2,,False,,,0,1               ,0,0,0,False,False,False,,,,,
1146,LV-3180,,,,,,,,-137204.956,102122.459,2.080,,1,1.000,4,,2-2,,False,,,0,1               ,0,0,0,False,False,False,,,,,
1147,LV-3181,,,,,,,,-137205.434,102121.952,2.143,,1,1.000,4,,2-2,,False,,,0,1               ,0,0,0,False,False,False,,,,,
1148,LV-3182,,,,,,,,-137204.668,102118.628,2.088,,1,1.000,4,,2-2,,False,,,0,1               ,0,0,0,False,False,False,,,,,
1149,LV-3183,,,,,,,,-137204.915,102118.805,2.151,,1,1.000,4,,2-2,,False,,,0,1               ,0,0,0,False,False,False,,,,,
1150,LV-3184,,,,,,,,-137205.181,102119.828,2.000,,1,1.000,4,,2-2,,False,,,0,1               ,0,0,0,False,False,False,,,,,
1151,LV-3185,,,,,,,,-137205.415,102120.294,1.968,,1,1.000,4,,2-2,,False,,,0,1               ,0,0,0,False,False,False,,,,,
1152,LV-3186,,,,,,,,-137205.274,102121.142,2.202,,1,1.000,4,,2-2,,False,,,0,1               ,0,0,0,False,False,False,,,,,
1153,LV-3187,,,,,,,,-137204.600,102121.442,2.072,,1,1.000,4,,2-2,,False,,,0,1               ,0,0,0,False,False,False,,,,,
1154,LV-3188,,,,,,,,-137203.795,102120.299,1.932,,1,1.000,4,,2-2,,False,,,0,1               ,0,0,0,False,False,False,,,,,
1155,LV-3189,,,,,,,,-137203.632,102120.650,1.871,,1,1.000,4,,2-2,,False,,,0,1               ,0,0,0,False,False,False,,,,,
1156,LV-3190,,,,,,,,-137203.240,102120.728,1.928,,1,1.000,4,,2-2,,False,,,0,1               ,0,0,0,False,False,False,,,,,
1157,LV-3191,,,,,,,,-137203.560,102121.155,1.917,,1,1.000,4,,2-2,,False,,,0,1               ,0,0,0,False,False,False,,,,,
1158,LV-3192,,,,,,,,-137203.136,102121.513,1.999,,1,1.000,4,,2-2,,False,,,0,1               ,0,0,0,False,False,False,,,,,
1159,LV-3193,,,,,,,,-137202.891,102122.832,2.194,,1,1.000,4,,2-2,,False,,,0,1               ,0,0,0,False,False,False,,,,,
1160,LV-3194,,,,,,,,-137203.171,102121.964,1.962,,1,1.000,4,,2-2,,False,,,0,1               ,0,0,0,False,False,False,,,,,
1161,LV-3195,,,,,,,,-137202.509,102122.301,2.350,,1,1.000,4,,2-2,,False,,,0,1               ,0,0,0,False,False,False,,,,,
1162,LV-3196,,,,,,,,-137203.521,102118.622,2.241,,1,1.000,4,,2-2,,False,,,0,1               ,0,0,0,False,False,False,,,,,
1163,LV-3197,,,,,,,,-137203.416,102119.064,2.263,,1,1.000,4,,2-2,,False,,,0,1               ,0,0,0,False,False,False,,,,,
1164,LV-3198,,,,,,,,-137202.523,102119.436,1.912,,1,1.000,4,,2-2,,False,,,0,1               ,0,0,0,False,False,False,,,,,
1165,LV-3199,,,,,,,,-137203.025,102118.757,2.205,,1,1.000,4,,2-2,,False,,,0,1               ,0,0,0,False,False,False,,,,,
1166,LV-3200,,,,,,,,-137202.710,102118.516,2.195,,1,1.000,4,,2-2,,False,,,0,1               ,0,0,0,False,False,False,,,,,
1167,LV-3201,,,,,,,,-137202.591,102117.823,2.112,,1,1.000,4,,2-2,,False,,,0,1               ,0,0,0,False,False,False,,,,,
1168,LV-3202,,,,,,,,-137201.270,102117.586,2.154,,1,1.000,4,,2-2,,False,,,0,1               ,0,0,0,False,False,False,,,,,
1169,LV-3203,,,,,,,,-137202.329,102120.615,2.169,,1,1.000,4,,2-2,,False,,,0,1               ,0,0,0,False,False,False,,,,,
1170,LV-3204,,,,,,,,-137202.020,102119.773,2.029,,1,1.000,4,,2-2,,False,,,0,1               ,0,0,0,False,False,False,,,,,
1171,LV-3205,,,,,,,,-137201.119,102119.387,2.028,,1,1.000,4,,2-2,,False,,,0,1               ,0,0,0,False,False,False,,,,,
1172,LV-3206,,,,,,,,-137201.454,102120.973,2.014,,1,1.000,4,,2-2,,False,,,0,1               ,0,0,0,False,False,False,,,,,
1173,LV-3207,,,,,,,,-137200.995,102121.208,2.029,,1,1.000,4,,2-2,,False,,,0,1               ,0,0,0,False,False,False,,,,,
1174,LV-3208,,,,,,,,-137201.500,102122.161,2.189,,1,1.000,4,,2-2,,False,,,0,1               ,0,0,0,False,False,False,,,,,
1175,LV-3209,,,,,,,,-137200.212,102122.257,2.156,,1,1.000,4,,2-2,,False,,,0,1               ,0,0,0,False,False,False,,,,,
1176,LV-3210,,,,,,,,-137200.468,102122.456,2.182,,1,1.000,4,,2-2,,False,,,0,1               ,0,0,0,False,False,False,,,,,
1177,LV-3211,,,,,,,,-137200.413,102124.253,2.067,,1,1.000,4,,2-2,,False,,,0,1               ,0,0,0,False,False,False,,,,,
1178,LV-3212,,,,,,,,-137200.161,102124.125,2.024,,1,1.000,4,,2-2,,False,,,0,1               ,0,0,0,False,False,False,,,,,
1179,LV-3213,,,,,,,,-137200.163,102124.507,2.112,,1,1.000,4,,2-2,,False,,,0,1               ,0,0,0,False,False,False,,,,,
1180,LV-3214,,,,,,,,-137199.238,102121.100,2.070,,1,1.000,4,,2-2,,False,,,0,1               ,0,0,0,False,False,False,,,,,
1181,LV-3215,,,,,,,,-137199.163,102122.327,2.219,,1,1.000,4,,2-2,,False,,,0,1               ,0,0,0,False,False,False,,,,,
1182,LV-3216,,,,,,,,-137199.761,102123.253,2.253,,1,1.000,4,,2-2,,False,,,0,1               ,0,0,0,False,False,False,,,,,
1183,LV-3217,,,,,,,,-137199.047,102122.773,2.089,,1,1.000,4,,2-2,,False,,,0,1               ,0,0,0,False,False,False,,,,,
1184,LV-3218,,,,,,,,-137197.987,102122.044,2.093,,1,1.000,4,,2-2,,False,,,0,1               ,0,0,0,False,False,False,,,,,
1185,LV-3219,,,,,,,,-137196.571,102122.581,2.036,,1,1.000,4,,2-2,,False,,,0,1               ,0,0,0,False,False,False,,,,,
1186,LV-3220,,,,,,,,-137196.609,102123.559,2.182,,1,1.000,4,,2-2,,False,,,0,1               ,0,0,0,False,False,False,,,,,
1187,LV-3221,,,,,,,,-137196.429,102124.536,2.015,,1,1.000,4,,2-2,,False,,,0,1               ,0,0,0,False,False,False,,,,,
1188,LV-3222,,,,,,,,-137196.020,102124.770,2.082,,1,1.000,4,,2-2,,False,,,0,1               ,0,0,0,False,False,False,,,,,
1189,LV-3223,,,,,,,,-137196.543,102121.394,1.853,,1,1.000,4,,2-2,,False,,,0,1               ,0,0,0,False,False,False,,,,,
1190,LV-3224,,,,,,,,-137196.362,102121.886,1.962,,1,1.000,4,,2-2,,False,,,0,1               ,0,0,0,False,False,False,,,,,
1191,LV-3225,,,,,,,,-137195.569,102121.955,1.983,,1,1.000,4,,2-2,,False,,,0,1               ,0,0,0,False,False,False,,,,,
1192,LV-3226,,,,,,,,-137193.673,102125.927,2.244,,1,1.000,4,,2-2,,False,,,0,1               ,0,0,0,False,False,False,,,,,
1193,LV-3227,,,,,,,,-137194.064,102124.928,2.177,,1,1.000,4,,2-2,,False,,,0,1               ,0,0,0,False,False,False,,,,,
1194,LV-3228,,,,,,,,-137194.182,102124.488,2.153,,1,1.000,4,,2-2,,False,,,0,1               ,0,0,0,False,False,False,,,,,
1195,LV-3229,,,,,,,,-137193.812,102124.185,2.240,,1,1.000,4,,2-2,,False,,,0,1               ,0,0,0,False,False,False,,,,,
1196,LV-3230,,,,,,,,-137192.620,102123.961,2.233,,1,1.000,4,,2-2,,False,,,0,1               ,0,0,0,False,False,False,,,,,
1197,LV-3231,,,,,,,,-137193.003,102123.781,2.236,,1,1.000,4,,2-2,,False,,,0,1               ,0,0,0,False,False,False,,,,,
1198,LV-3232,,,,,,,,-137192.736,102123.541,2.216,,1,1.000,4,,2-2,,False,,,0,1               ,0,0,0,False,False,False,,,,,
1199,LV-3233,,,,,,,,-137193.531,102122.891,2.333,,1,1.000,4,,2-2,,False,,,0,1               ,0,0,0,False,False,False,,,,,
1200,LV-3234,,,,,,,,-137194.519,102122.745,2.317,,1,1.000,4,,2-2,,False,,,0,1               ,0,0,0,False,False,False,,,,,
1201,LV-3235,,,,,,,,-137194.084,102122.143,1.968,,1,1.000,4,,2-2,,False,,,0,1               ,0,0,0,False,False,False,,,,,
1202,LV-3236,,,,,,,,-137193.772,102120.437,2.040,,1,1.000,4,,2-2,,False,,,0,1               ,0,0,0,False,False,False,,,,,
1203,LV-3237,,,,,,,,-137192.254,102121.296,2.292,,1,1.000,4,,2-2,,False,,,0,1               ,0,0,0,False,False,False,,,,,
1204,LV-3238,,,,,,,,-137192.740,102120.883,2.051,,1,1.000,4,,2-2,,False,,,0,1               ,0,0,0,False,False,False,,,,,
1205,LV-3239,,,,,,,,-137192.375,102120.599,2.056,,1,1.000,4,,2-2,,False,,,0,1               ,0,0,0,False,False,False,,,,,
1206,LV-3240,,,,,,,,-137192.666,102119.904,2.186,,1,1.000,4,,2-2,,False,,,0,1               ,0,0,0,False,False,False,,,,,
1207,LV-3241,,,,,,,,-137192.402,102118.005,2.056,,1,1.000,4,,2-2,,False,,,0,1               ,0,0,0,False,False,False,,,,,
1208,LV-3242,,,,,,,,-137192.182,102118.708,2.062,,1,1.000,4,,2-2,,False,,,0,1               ,0,0,0,False,False,False,,,,,
1209,LV-3243,,,,,,,,-137191.730,102118.709,2.264,,1,1.000,4,,2-2,,False,,,0,1               ,0,0,0,False,False,False,,,,,
1210,LV-3244,,,,,,,,-137193.267,102117.528,1.967,,1,1.000,4,,2-2,,False,,,0,1               ,0,0,0,False,False,False,,,,,
1211,LV-3245,,,,,,,,-137194.472,102116.654,2.118,,1,1.000,4,,2-2,,False,,,0,1               ,0,0,0,False,False,False,,,,,
1212,LV-3246,,,,,,,,-137194.004,102116.771,1.996,,1,1.000,4,,2-2,,False,,,0,1               ,0,0,0,False,False,False,,,,,
1213,LV-3247,,,,,,,,-137193.433,102115.627,1.893,,1,1.000,4,,2-2,,False,,,0,1               ,0,0,0,False,False,False,,,,,
1214,LV-3248,,,,,,,,-137192.402,102113.997,2.322,,1,1.000,4,,2-2,,False,,,0,1               ,0,0,0,False,False,False,,,,,
1215,LV-3249,,,,,,,,-137192.068,102112.742,2.156,,1,1.000,4,,2-2,,False,,,0,1               ,0,0,0,False,False,False,,,,,
1216,LV-3250,,,,,,,,-137193.325,102114.314,1.961,,1,1.000,4,,2-2,,False,,,0,1               ,0,0,0,False,False,False,,,,,
1217,LV-3251,,,,,,,,-137194.888,102115.070,2.013,,1,1.000,4,,2-2,,False,,,0,1               ,0,0,0,False,False,False,,,,,
1218,LV-3252,,,,,,,,-137193.431,102112.910,2.384,,1,1.000,4,,2-2,,False,,,0,1               ,0,0,0,False,False,False,,,,,
1219,LV-3253,,,,,,,,-137196.045,102111.897,2.031,,1,1.000,4,,2-2,,False,,,0,1               ,0,0,0,False,False,False,,,,,
1220,LV-3254,,,,,,,,-137196.873,102112.235,1.969,,1,1.000,4,,2-2,,False,,,0,1               ,0,0,0,False,False,False,,,,,
1221,LV-3255,,,,,,,,-137197.469,102113.290,2.190,,1,1.000,4,,2-2,,False,,,0,1               ,0,0,0,False,False,False,,,,,
1222,LV-3256,,,,,,,,-137199.350,102112.815,1.857,,1,1.000,4,,2-2,,False,,,0,1               ,0,0,0,False,False,False,,,,,
1223,LV-3257,,,,,,,,-137200.611,102116.307,2.148,,1,1.000,4,,2-2,,False,,,0,1               ,0,0,0,False,False,False,,,,,
1224,LV-3258,,,,,,,,-137201.666,102114.375,2.028,,1,1.000,4,,2-2,,False,,,0,1               ,0,0,0,False,False,False,,,,,
1225,LV-3259,,,,,,,,-137201.930,102114.789,2.031,,1,1.000,4,,2-2,,False,,,0,1               ,0,0,0,False,False,False,,,,,
1226,LV-3260,,,,,,,,-137202.306,102115.962,2.275,,1,1.000,4,,2-2,,False,,,0,1               ,0,0,0,False,False,False,,,,,
1227,LV-3261,,,,,,,,-137205.870,102117.569,2.090,,1,1.000,4,,2-2,,False,,,0,1               ,0,0,0,False,False,False,,,,,
1228,LV-3262,,,,,,,,-137207.330,102115.799,2.063,,1,1.000,4,,2-2,,False,,,0,1               ,0,0,0,False,False,False,,,,,
1229,LV-3263,,,,,,,,-137204.198,102115.242,2.102,,1,1.000,4,,2-2,,False,,,0,1               ,0,0,0,False,False,False,,,,,
1230,LV-3264,,,,,,,,-137204.525,102113.385,2.088,,1,1.000,4,,2-2,,False,,,0,1               ,0,0,0,False,False,False,,,,,
1231,LV-3265,,,,,,,,-137196.308,102130.561,2.091,,1,1.000,4,,2-2,,False,,,0,1               ,0,0,0,False,False,False,,,,,
1232,LV-3266,,,,,,,,-137197.097,102129.813,2.190,,1,1.000,4,,2-2,,False,,,0,1               ,0,0,0,False,False,False,,,,,
1233,LV-3267,,,,,,,,-137202.497,102128.641,2.218,,1,1.000,4,,2-2,,False,,,0,1               ,0,0,0,False,False,False,,,,,
1234,LV-3268,,,,,,,,-137204.327,102130.790,2.051,,1,1.000,4,,2-2,,False,,,0,1               ,0,0,0,False,False,False,,,,,
1235,LV-3269,,,,,,,,-137205.067,102131.170,2.103,,1,1.000,4,,2-2,,False,,,0,1               ,0,0,0,False,False,False,,,,,
1236,LV-3270,,,,,,,,-137204.807,102129.541,2.093,,1,1.000,4,,2-2,,False,,,0,1               ,0,0,0,False,False,False,,,,,
1237,LV-3271,,,,,,,,-137205.124,102130.075,2.195,,1,1.000,4,,2-2,,False,,,0,1               ,0,0,0,False,False,False,,,,,
1238,LV-3272,,,,,,,,-137205.906,102129.687,2.036,,1,1.000,4,,2-2,,False,,,0,1               ,0,0,0,False,False,False,,,,,
1239,LV-3273,,,,,,,,-137205.664,102129.308,2.119,,1,1.000,4,,2-2,,False,,,0,1               ,0,0,0,False,False,False,,,,,
1240,LV-3274,,,,,,,,-137206.261,102127.817,1.946,,1,1.000,4,,2-2,,False,,,0,1               ,0,0,0,False,False,False,,,,,
1241,LV-3275,,,,,,,,-137206.305,102127.346,1.909,,1,1.000,4,,2-2,,False,,,0,1               ,0,0,0,False,False,False,,,,,
1242,LV-3276,,,,,,,,-137204.320,102126.131,2.167,,1,1.000,4,,2-2,,False,,,0,1               ,0,0,0,False,False,False,,,,,
1243,LV-3277,,,,,,,,-137203.916,102125.843,2.142,,1,1.000,4,,2-2,,False,,,0,1               ,0,0,0,False,False,False,,,,,
1244,LV-3278,,,,,,,,-137204.387,102125.618,2.102,,1,1.000,4,,2-2,,False,,,0,1               ,0,0,0,False,False,False,,,,,
1245,LV-3279,,,,,,,,-137204.977,102125.407,2.074,,1,1.000,4,,2-2,,False,,,0,1               ,0,0,0,False,False,False,,,,,
1246,LV-3280,,,,,,,,-137206.020,102125.888,2.172,,1,1.000,4,,2-2,,False,,,0,1               ,0,0,0,False,False,False,,,,,
1247,LV-3281,,,,,,,,-137206.426,102125.873,2.031,,1,1.000,4,,2-2,,False,,,0,1               ,0,0,0,False,False,False,,,,,
1248,LV-3282,,,,,,,,-137199.265,102114.685,2.281,,1,1.000,4,,2-2,,False,,,0,1               ,0,0,0,False,False,False,,,,,
1249,LV-3283,,,,,,,,-137198.734,102115.375,2.242,,1,1.000,4,,2-2,,False,,,0,1               ,0,0,0,False,False,False,,,,,
1250,LV-3284,,,,,,,,-137198.082,102116.469,2.205,,1,1.000,4,,2-2,,False,,,0,1               ,0,0,0,False,False,False,,,,,
1251,LV-3285,,,,,,,,-137197.759,102117.451,2.212,,1,1.000,4,,2-2,,False,,,0,1               ,0,0,0,False,False,False,,,,,
1252,LV-3286,,,,,,,,-137197.900,102117.942,2.154,,1,1.000,4,,2-2,,False,,,0,1               ,0,0,0,False,False,False,,,,,
1253,LV-3287,,,,,,,,-137196.948,102117.966,2.065,,1,1.000,4,,2-2,,False,,,0,1               ,0,0,0,False,False,False,,,,,
1254,LV-3288,,,,,,,,-137196.690,102117.899,2.037,,1,1.000,4,,2-2,,False,,,0,1               ,0,0,0,False,False,False,,,,,
1255,LV-3289,,,,,,,,-137195.621,102117.666,1.945,,1,1.000,4,,2-2,,False,,,0,1               ,0,0,0,False,False,False,,,,,
1256,LV-3290,,,,,,,,-137195.360,102120.629,2.025,,1,1.000,4,,2-2,,False,,,0,1               ,0,0,0,False,False,False,,,,,
1257,LV-3291,,,,,,,,-137195.711,102120.399,2.019,,1,1.000,4,,2-2,,False,,,0,1               ,0,0,0,False,False,False,,,,,
1258,LV-3292,,,,,,,,-137195.312,102120.092,1.981,,1,1.000,4,,2-2,,False,,,0,1               ,0,0,0,False,False,False,,,,,
1259,LV-3293,,,,,,,,-137195.172,102118.839,2.032,,1,1.000,4,,2-2,,False,,,0,1               ,0,0,0,False,False,False,,,,,
1260,LV-3294,,,,,,,,-137196.038,102118.061,1.901,,1,1.000,4,,2-2,,False,,,0,1               ,0,0,0,False,False,False,,,,,
1261,LV-3295,,,,,,,,-137194.872,102117.239,1.980,,1,1.000,4,,2-2,,False,,,0,1               ,0,0,0,False,False,False,,,,,
1262,LV-3296,,,,,,,,-137194.736,102116.018,1.386,,1,1.000,4,,2-2,,False,,,0,1               ,0,0,0,False,False,False,,,,,
1263,LV-3297,,,,,,,,-137194.783,102115.751,1.980,,1,1.000,4,,2-2,,False,,,0,1               ,0,0,0,False,False,False,,,,,
1264,LV-3298,,,,,,,,-137193.288,102084.443,1.793,,1,1.000,4,,2-3,,False,,,0,1               ,0,0,0,False,False,False,,,,,
1265,LV-3299,,,,,,,,-137193.089,102084.776,1.790,,1,1.000,4,,2-3,,False,,,0,1               ,0,0,0,False,False,False,,,,,
1266,LV-3300,,,,,,,,-137188.704,102086.447,2.110,,1,1.000,4,,2-3,,False,,,0,1               ,0,0,0,False,False,False,,,,,
1267,LV-3301,,,,,,,,-137188.948,102085.859,2.107,,1,1.000,4,,2-3,,False,,,0,1               ,0,0,0,False,False,False,,,,,
1268,LV-3302,,,,,,,,-137188.738,102085.307,2.112,,1,1.000,4,,2-3,,False,,,0,1               ,0,0,0,False,False,False,,,,,
1269,LV-3303,,,,,,,,-137188.324,102085.778,0.821,,1,1.000,4,,2-3,,False,,,0,1               ,0,0,0,False,False,False,,,,,
1270,LV-3304,,,,,,,,-137193.014,102108.363,2.065,,1,1.000,4,,2-3,,False,,,0,1               ,0,0,0,False,False,False,,,,,
1271,LV-3305,,,,,,,,-137204.442,102127.408,0.630,,1,1.000,4,,2-3,,False,,,0,1               ,0,0,0,False,False,False,,,,,
1272,LV-3306,,,,,,,,-137203.982,102127.888,2.015,,1,1.000,4,,2-3,,False,,,0,1               ,0,0,0,False,False,False,,,,,
1273,LV-3307,,,,,,,,-137204.612,102128.301,1.869,,1,1.000,4,,2-3,,False,,,0,1               ,0,0,0,False,False,False,,,,,
1274,LV-3308,,,,,,,,-137204.426,102128.479,2.151,,1,1.000,4,,2-3,,False,,,0,1               ,0,0,0,False,False,False,,,,,
1275,LV-3309,,,,,,,,-137204.315,102128.596,2.163,,1,1.000,4,,2-3,,False,,,0,1               ,0,0,0,False,False,False,,,,,
1276,LV-3310,,,,,,,,-137204.076,102128.848,2.048,,1,1.000,4,,2-3,,False,,,0,1               ,0,0,0,False,False,False,,,,,
1277,LV-3311,,,,,,,,-137203.702,102128.988,2.020,,1,1.000,4,,2-3,,False,,,0,1               ,0,0,0,False,False,False,,,,,
1278,LV-3312,,,,,,,,-137197.895,102118.683,1.962,,1,1.000,4,,2-3,,False,,,0,1               ,0,0,0,False,False,False,,,,,
1279,LV-3313,,,,,,,,-137195.616,102120.082,1.987,,1,1.000,4,,2-3,,False,,,0,1               ,0,0,0,False,False,False,,,,,
1280,LV-3314,,,,,,,,-137195.757,102118.524,2.063,,1,1.000,4,,2-3,,False,,,0,1               ,0,0,0,False,False,False,,,,,
1281,LV-3315,,,,,,,,-137196.321,102118.492,1.771,,1,1.000,4,,2-3,,False,,,0,1               ,0,0,0,False,False,False,,,,,
1282,LV-3316,,,,,,,,-137196.278,102117.578,1.990,,1,1.000,4,,2-3,,False,,,0,1               ,0,0,0,False,False,False,,,,,
1283,LV-3317,,,,,,,,-137195.005,102116.583,1.908,,1,1.000,4,,2-3,,False,,,0,1               ,0,0,0,False,False,False,,,,,
1284,LV-3318,,,,,,,,-137205.549,102125.377,2.090,,1,1.000,4,,2-3,,False,,,0,1               ,0,0,0,False,False,False,,,,,
1285,LV-3319,,,,,,,,-137205.688,102124.231,2.054,,1,1.000,4,,2-3,,False,,,0,1               ,0,0,0,False,False,False,,,,,
1286,LV-3320,,,,,,,,-137202.680,102127.134,2.128,,1,1.000,4,,2-3,,False,,,0,1               ,0,0,0,False,False,False,,,,,
1287,LV-3321,,,,,,,,-137202.908,102127.447,2.110,,1,1.000,4,,2-3,,False,,,0,1               ,0,0,0,False,False,False,,,,,
1288,LV-3322,,,,,,,,-137200.415,102122.692,2.206,,1,1.000,4,,2-3,,False,,,0,1               ,0,0,0,False,False,False,,,,,
1289,LV-3323,,,,,,,,-137205.407,102125.226,2.245,,1,1.000,4,,2-3,,False,,,0,1               ,0,0,0,False,False,False,,,,,
1290,LV-3324,,,,,,,,-137203.062,102130.239,2.135,,1,1.000,4,,2-3,,False,,,0,1               ,0,0,0,False,False,False,,,,,
1291,LV-3325,,,,,,,,-137193.288,102084.443,1.793,,1,1.000,4,,2-3,,False,,,0,1               ,0,0,0,False,False,False,,,,,
1292,LV-3326,,,,,,,,-137193.089,102084.776,1.790,,1,1.000,4,,2-3,,False,,,0,1               ,0,0,0,False,False,False,,,,,
1293,LV-3327,,,,,,,,-137188.704,102086.447,2.110,,1,1.000,4,,2-3,,False,,,0,1               ,0,0,0,False,False,False,,,,,
1294,LV-3328,,,,,,,,-137188.948,102085.859,2.107,,1,1.000,4,,2-3,,False,,,0,1               ,0,0,0,False,False,False,,,,,
1295,LV-3329,,,,,,,,-137188.738,102085.307,2.112,,1,1.000,4,,2-3,,False,,,0,1               ,0,0,0,False,False,False,,,,,
1296,LV-3330,,,,,,,,-137188.324,102085.778,0.821,,1,1.000,4,,2-3,,False,,,0,1               ,0,0,0,False,False,False,,,,,
1297,LV-3331,,,,,,,,-137193.014,102108.363,2.065,,1,1.000,4,,2-3,,False,,,0,1               ,0,0,0,False,False,False,,,,,
1298,LV-3332,,,,,,,,-137204.442,102127.408,0.630,,1,1.000,4,,2-3,,False,,,0,1               ,0,0,0,False,False,False,,,,,
1299,LV-3333,,,,,,,,-137203.982,102127.888,2.015,,1,1.000,4,,2-3,,False,,,0,1               ,0,0,0,False,False,False,,,,,
1300,LV-3334,,,,,,,,-137204.612,102128.301,1.869,,1,1.000,4,,2-3,,False,,,0,1               ,0,0,0,False,False,False,,,,,
1301,LV-3335,,,,,,,,-137204.426,102128.479,2.151,,1,1.000,4,,2-3,,False,,,0,1               ,0,0,0,False,False,False,,,,,
1302,LV-3336,,,,,,,,-137204.315,102128.596,2.163,,1,1.000,4,,2-3,,False,,,0,1               ,0,0,0,False,False,False,,,,,
1303,LV-3337,,,,,,,,-137204.076,102128.848,2.048,,1,1.000,4,,2-3,,False,,,0,1               ,0,0,0,False,False,False,,,,,
1304,LV-3338,,,,,,,,-137203.702,102128.988,2.020,,1,1.000,4,,2-3,,False,,,0,1               ,0,0,0,False,False,False,,,,,
1305,LV-3339,,,,,,,,-137197.895,102118.683,1.962,,1,1.000,4,,2-3,,False,,,0,1               ,0,0,0,False,False,False,,,,,
1306,LV-3340,,,,,,,,-137195.616,102120.082,1.987,,1,1.000,4,,2-3,,False,,,0,1               ,0,0,0,False,False,False,,,,,
1307,LV-3341,,,,,,,,-137195.757,102118.524,2.063,,1,1.000,4,,2-3,,False,,,0,1               ,0,0,0,False,False,False,,,,,
1308,LV-3342,,,,,,,,-137196.321,102118.492,1.771,,1,1.000,4,,2-3,,False,,,0,1               ,0,0,0,False,False,False,,,,,
1309,LV-3343,,,,,,,,-137196.278,102117.578,1.990,,1,1.000,4,,2-3,,False,,,0,1               ,0,0,0,False,False,False,,,,,
1310,LV-3344,,,,,,,,-137195.005,102116.583,1.908,,1,1.000,4,,2-3,,False,,,0,1               ,0,0,0,False,False,False,,,,,
1311,LV-3345,,,,,,,,-137205.549,102125.377,2.090,,1,1.000,4,,2-3,,False,,,0,1               ,0,0,0,False,False,False,,,,,
1312,LV-3346,,,,,,,,-137205.688,102124.231,2.054,,1,1.000,4,,2-3,,False,,,0,1               ,0,0,0,False,False,False,,,,,
1313,LV-3347,,,,,,,,-137202.680,102127.134,2.128,,1,1.000,4,,2-3,,False,,,0,1               ,0,0,0,False,False,False,,,,,
1314,LV-3348,,,,,,,,-137202.908,102127.447,2.110,,1,1.000,4,,2-3,,False,,,0,1               ,0,0,0,False,False,False,,,,,
1315,LV-3349,,,,,,,,-137200.415,102122.692,2.206,,1,1.000,4,,2-3,,False,,,0,1               ,0,0,0,False,False,False,,,,,
1316,LV-3350,,,,,,,,-137205.407,102125.226,2.245,,1,1.000,4,,2-3,,False,,,0,1               ,0,0,0,False,False,False,,,,,
1317,LV-3351,,,,,,,,-137203.062,102130.239,2.135,,1,1.000,4,,2-3,,False,,,0,1               ,0,0,0,False,False,False,,,,,
